holiday,temp,rain_1h,snow_1h,clouds_all,weather_main,weather_description,date_time,traffic_volume,weekend,date
None,289.21,0.0,0.0,1,Clear,sky is clear,2015-07-02 08:00:00,4987,0,2015-07-02
None,288.55,0.0,0.0,1,Clear,sky is clear,2015-07-03 08:00:00,2523,0,2015-07-03
None,292.2,0.0,0.0,1,Haze,haze,2015-07-04 08:00:00,1613,1,2015-07-04
None,293.82,0.0,0.0,40,Clouds,scattered clouds,2015-07-05 08:00:00,1482,1,2015-07-05
None,294.0,0.66,0.0,90,Rain,heavy intensity rain,2015-07-06 08:00:00,4911,0,2015-07-06
None,285.84,0.0,0.0,1,Clear,sky is clear,2015-07-07 08:00:00,5340,0,2015-07-07
None,288.81,0.0,0.0,1,Clear,sky is clear,2015-07-08 08:00:00,5431,0,2015-07-08
None,291.15,0.0,0.0,1,Haze,haze,2015-07-09 08:00:00,5450,0,2015-07-09
None,293.72,0.0,0.0,1,Clear,sky is clear,2015-07-10 08:00:00,5146,0,2015-07-10
None,294.27,0.0,0.0,1,Clear,sky is clear,2015-07-11 08:00:00,2470,1,2015-07-11
None,295.39,0.0,0.0,90,Clouds,overcast clouds,2015-07-12 08:00:00,2114,1,2015-07-12
None,293.17,0.0,0.0,40,Rain,light rain,2015-07-13 08:00:00,5369,0,2015-07-13
None,295.33,0.0,0.0,1,Haze,haze,2015-07-14 08:00:00,5324,0,2015-07-14
None,291.14,0.0,0.0,1,Rain,moderate rain,2015-07-15 08:00:00,5467,0,2015-07-15
None,293.71,0.0,0.0,90,Clouds,overcast clouds,2015-07-16 08:00:00,5417,0,2015-07-16
None,293.25,0.0,0.0,90,Mist,mist,2015-07-17 08:00:00,5245,0,2015-07-17
None,294.25,0.0,0.0,1,Clear,sky is clear,2015-07-18 08:00:00,2626,1,2015-07-18
None,292.42,0.0,0.0,1,Clear,sky is clear,2015-07-19 08:00:00,1801,1,2015-07-19
None,294.59,0.0,0.0,40,Clouds,scattered clouds,2015-07-20 08:00:00,5149,0,2015-07-20
None,291.43,0.0,0.0,1,Clear,sky is clear,2015-07-21 08:00:00,4986,0,2015-07-21
None,293.32,0.0,0.0,1,Clear,sky is clear,2015-07-22 08:00:00,5318,0,2015-07-22
None,292.51,0.0,0.0,1,Clear,sky is clear,2015-07-23 08:00:00,4841,0,2015-07-23
None,293.25,0.25,0.0,75,Rain,light rain,2015-07-24 08:00:00,5063,0,2015-07-24
None,295.27,0.0,0.0,1,Clear,sky is clear,2015-07-25 08:00:00,1,1,2015-07-25
None,295.53,0.0,0.0,90,Clouds,overcast clouds,2015-07-26 08:00:00,1215,1,2015-07-26
None,296.42,0.0,0.0,40,Clouds,scattered clouds,2015-07-27 08:00:00,5347,0,2015-07-27
None,294.58,13.32,0.0,90,Rain,heavy intensity rain,2015-07-28 08:00:00,5045,0,2015-07-28
None,293.4,0.0,0.0,1,Clear,sky is clear,2015-07-29 08:00:00,5299,0,2015-07-29
None,291.99,0.0,0.0,1,Clear,sky is clear,2015-07-30 08:00:00,5337,0,2015-07-30
None,292.91,0.0,0.0,1,Clear,sky is clear,2015-07-31 08:00:00,5192,0,2015-07-31
None,292.96,0.0,0.0,1,Clear,sky is clear,2015-08-01 08:00:00,2361,1,2015-08-01
None,294.71,0.0,0.0,40,Clouds,scattered clouds,2015-08-02 08:00:00,1593,1,2015-08-02
None,290.33,0.0,0.0,1,Clear,sky is clear,2015-08-03 08:00:00,5317,0,2015-08-03
None,288.19,0.0,0.0,1,Clear,sky is clear,2015-08-04 08:00:00,5243,0,2015-08-04
None,290.27,0.0,0.0,1,Clear,sky is clear,2015-08-05 08:00:00,5417,0,2015-08-05
None,291.97,0.0,0.0,90,Clouds,overcast clouds,2015-08-06 08:00:00,5316,0,2015-08-06
None,293.79,0.0,0.0,90,Clouds,overcast clouds,2015-08-07 08:00:00,5124,0,2015-08-07
None,292.53,0.0,0.0,90,Clouds,overcast clouds,2015-08-08 08:00:00,2549,1,2015-08-08
None,294.01,0.0,0.0,75,Mist,mist,2015-08-09 08:00:00,1713,1,2015-08-09
None,293.01,0.0,0.0,1,Clear,sky is clear,2015-08-10 08:00:00,5342,0,2015-08-10
None,291.19,0.0,0.0,1,Clear,sky is clear,2015-08-11 08:00:00,5350,0,2015-08-11
None,291.94,0.0,0.0,1,Clear,sky is clear,2015-08-12 08:00:00,5318,0,2015-08-12
None,295.61,0.0,0.0,1,Clear,sky is clear,2015-08-13 08:00:00,5414,0,2015-08-13
None,295.5,0.0,0.0,1,Mist,mist,2015-08-14 08:00:00,5126,0,2015-08-14
None,295.55,0.0,0.0,5,Clear,sky is clear,2015-08-15 08:00:00,2767,1,2015-08-15
None,295.84,0.0,0.0,1,Clear,sky is clear,2015-08-16 08:00:00,1742,1,2015-08-16
None,290.37,0.0,0.0,1,Clear,sky is clear,2015-08-17 08:00:00,5646,0,2015-08-17
None,289.6,0.0,0.0,75,Clouds,broken clouds,2015-08-18 08:00:00,5576,0,2015-08-18
None,287.14,0.0,0.0,90,Drizzle,heavy intensity drizzle,2015-08-19 08:00:00,5884,0,2015-08-19
None,285.14,0.0,0.0,1,Clear,sky is clear,2015-08-20 08:00:00,5820,0,2015-08-20
None,289.66,0.0,0.0,75,Clouds,broken clouds,2015-08-21 08:00:00,5289,0,2015-08-21
None,292.78,0.0,0.0,1,Clear,sky is clear,2015-08-22 08:00:00,2832,1,2015-08-22
None,287.68,0.0,0.0,90,Haze,haze,2015-08-23 08:00:00,1761,1,2015-08-23
None,285.29,0.0,0.0,90,Clouds,overcast clouds,2015-08-24 08:00:00,5595,0,2015-08-24
None,284.9,0.0,0.0,1,Clear,sky is clear,2015-08-25 08:00:00,5092,0,2015-08-25
None,283.29,0.0,0.0,5,Mist,mist,2015-08-26 08:00:00,5479,0,2015-08-26
None,289.42,0.0,0.0,1,Clear,sky is clear,2015-08-27 08:00:00,6138,0,2015-08-27
None,290.79,0.0,0.0,90,Mist,mist,2015-08-28 08:00:00,5878,0,2015-08-28
None,286.75,0.0,0.0,90,Mist,mist,2015-08-29 08:00:00,3564,1,2015-08-29
None,289.94,0.0,0.0,90,Mist,mist,2015-08-30 08:00:00,2678,1,2015-08-30
None,293.03,0.0,0.0,40,Mist,mist,2015-08-31 08:00:00,5987,0,2015-08-31
None,293.81,0.0,0.0,1,Mist,mist,2015-09-02 08:00:00,5821,0,2015-09-02
None,293.54,0.0,0.0,90,Mist,mist,2015-09-03 08:00:00,5905,0,2015-09-03
None,295.15,0.0,0.0,1,Mist,mist,2015-09-04 08:00:00,5720,0,2015-09-04
None,296.26,0.63,0.0,75,Rain,proximity shower rain,2015-09-05 08:00:00,3026,1,2015-09-05
None,296.57,0.3,0.0,90,Rain,proximity shower rain,2015-09-06 08:00:00,1936,1,2015-09-06
None,292.46,0.0,0.0,1,Clear,sky is clear,2015-09-07 08:00:00,2204,0,2015-09-07
None,291.22,0.0,0.0,1,Rain,light rain,2015-09-08 08:00:00,6018,0,2015-09-08
None,287.04,0.0,0.0,40,Mist,mist,2015-09-09 08:00:00,6118,0,2015-09-09
None,287.96,0.0,0.0,90,Mist,mist,2015-09-10 08:00:00,6222,0,2015-09-10
None,282.8,0.0,0.0,1,Clear,sky is clear,2015-09-11 08:00:00,5343,0,2015-09-11
None,280.81,0.0,0.0,1,Mist,mist,2015-09-12 08:00:00,1795,1,2015-09-12
None,283.46,0.0,0.0,1,Clear,sky is clear,2015-09-13 08:00:00,1720,1,2015-09-13
None,288.16,0.0,0.0,1,Clear,sky is clear,2015-09-14 08:00:00,5961,0,2015-09-14
None,293.12,0.0,0.0,1,Clear,sky is clear,2015-09-15 08:00:00,5947,0,2015-09-15
None,295.33,2.03,0.0,90,Rain,heavy intensity rain,2015-09-17 08:00:00,5515,0,2015-09-17
None,285.0,0.0,0.0,5,Clear,sky is clear,2015-09-18 08:00:00,6069,0,2015-09-18
None,282.38,0.0,0.0,1,Clear,sky is clear,2015-09-19 08:00:00,3497,1,2015-09-19
None,283.84,0.0,0.0,75,Clouds,broken clouds,2015-09-20 08:00:00,2147,1,2015-09-20
None,287.93,0.0,0.0,1,Clear,sky is clear,2015-09-21 08:00:00,5917,0,2015-09-21
None,289.87,0.0,0.0,40,Thunderstorm,proximity thunderstorm,2015-09-23 08:00:00,6080,0,2015-09-23
None,290.75,0.51,0.0,90,Rain,moderate rain,2015-09-24 08:00:00,5940,0,2015-09-24
None,289.47,0.0,0.0,90,Mist,mist,2015-09-25 08:00:00,5805,0,2015-09-25
None,289.04,0.0,0.0,1,Clear,sky is clear,2015-09-27 08:00:00,2347,1,2015-09-27
None,291.45,0.0,0.0,40,Clouds,scattered clouds,2015-09-28 08:00:00,5821,0,2015-09-28
None,281.2,0.0,0.0,1,Clear,sky is clear,2015-09-29 08:00:00,5844,0,2015-09-29
None,278.32,0.0,0.0,1,Clear,sky is clear,2015-09-30 08:00:00,5782,0,2015-09-30
None,278.22,0.0,0.0,1,Clear,sky is clear,2015-10-03 08:00:00,3422,1,2015-10-03
None,278.49,0.0,0.0,1,Clear,sky is clear,2015-10-04 08:00:00,2202,1,2015-10-04
None,286.37,0.0,0.0,5,Clear,sky is clear,2015-10-11 08:00:00,1247,1,2015-10-11
None,287.33,0.0,0.0,90,Clouds,overcast clouds,2015-10-12 08:00:00,5368,0,2015-10-12
None,279.73,0.0,0.0,75,Clouds,broken clouds,2015-10-13 08:00:00,5772,0,2015-10-13
None,280.72,0.0,0.0,1,Clear,sky is clear,2015-10-15 08:00:00,5290,0,2015-10-15
None,273.98,0.0,0.0,1,Clear,sky is clear,2015-10-16 08:00:00,5024,0,2015-10-16
None,274.29,0.0,0.0,1,Clear,sky is clear,2015-10-18 08:00:00,2131,1,2015-10-18
None,275.08,0.0,0.0,1,Mist,mist,2015-10-22 08:00:00,5808,0,2015-10-22
None,281.75,0.0,0.0,1,Clear,sky is clear,2015-10-27 08:00:00,5957,0,2015-10-27
None,280.93,0.0,0.0,90,Rain,moderate rain,2015-10-28 08:00:00,5329,0,2015-10-28
None,278.93,0.0,0.0,90,Rain,light rain,2015-10-29 08:00:00,5760,0,2015-10-29
None,277.89,0.0,0.0,90,Clouds,overcast clouds,2015-10-30 08:00:00,5405,0,2015-10-30
None,280.43,0.0,0.0,1,Mist,mist,2015-11-03 08:00:00,5719,0,2015-11-03
None,286.23,0.0,0.0,75,Mist,mist,2015-11-04 08:00:00,6098,0,2015-11-04
None,273.22,0.0,0.0,5,Clear,sky is clear,2015-11-07 08:00:00,3047,1,2015-11-07
None,278.15,0.0,0.0,5,Clear,sky is clear,2015-11-08 08:00:00,2181,1,2015-11-08
None,276.62,0.0,0.0,1,Mist,mist,2015-11-11 08:00:00,5409,0,2015-11-11
None,278.22,0.0,0.0,90,Drizzle,light intensity drizzle,2015-11-12 08:00:00,5789,0,2015-11-12
None,273.28,0.0,0.0,1,Clear,sky is clear,2015-11-13 08:00:00,5600,0,2015-11-13
None,274.72,0.0,0.0,1,Clear,sky is clear,2015-11-14 08:00:00,3256,1,2015-11-14
None,279.22,0.0,0.0,5,Clear,sky is clear,2015-11-15 08:00:00,2033,1,2015-11-15
None,283.01,0.0,0.0,90,Rain,heavy intensity rain,2015-11-17 08:00:00,5356,0,2015-11-17
None,286.43,0.0,0.0,75,Clouds,broken clouds,2015-11-18 08:00:00,5944,0,2015-11-18
None,272.65,0.0,0.0,75,Snow,light snow,2015-11-19 08:00:00,5789,0,2015-11-19
None,264.23,0.0,0.0,1,Clear,sky is clear,2015-11-21 08:00:00,3231,1,2015-11-21
None,265.08,0.0,0.0,1,Clear,sky is clear,2015-11-22 08:00:00,1862,1,2015-11-22
None,271.61,0.0,0.0,20,Clouds,few clouds,2015-11-23 08:00:00,5544,0,2015-11-23
None,278.01,0.0,0.0,1,Clear,sky is clear,2015-11-25 08:00:00,5181,0,2015-11-25
None,274.55,0.0,0.0,90,Snow,light snow,2015-11-26 08:00:00,1194,0,2015-11-26
None,261.95,0.0,0.0,1,Mist,mist,2015-11-28 08:00:00,2107,1,2015-11-28
None,268.5,0.0,0.0,90,Clouds,overcast clouds,2015-11-29 08:00:00,1637,1,2015-11-29
None,272.28,0.0,0.0,90,Snow,light snow,2015-11-30 08:00:00,4233,0,2015-11-30
None,273.94,0.0,0.0,90,Snow,light snow,2015-12-01 08:00:00,4740,0,2015-12-01
None,271.41,0.0,0.0,90,Snow,light snow,2015-12-02 08:00:00,5886,0,2015-12-02
None,267.31,0.0,0.0,1,Mist,mist,2015-12-04 08:00:00,5784,0,2015-12-04
None,276.61,0.0,0.0,75,Clouds,broken clouds,2015-12-05 08:00:00,3009,1,2015-12-05
None,272.22,0.0,0.0,1,Mist,mist,2015-12-08 08:00:00,5524,0,2015-12-08
None,271.86,0.0,0.0,1,Mist,mist,2015-12-09 08:00:00,6067,0,2015-12-09
None,278.54,0.0,0.0,90,Drizzle,light intensity drizzle,2015-12-10 08:00:00,5883,0,2015-12-10
None,275.49,0.0,0.0,90,Clouds,overcast clouds,2015-12-11 08:00:00,5570,0,2015-12-11
None,276.87,0.0,0.0,90,Rain,moderate rain,2015-12-13 08:00:00,1656,1,2015-12-13
None,272.58,0.0,0.0,90,Mist,mist,2015-12-15 08:00:00,5789,0,2015-12-15
None,275.44,0.0,0.0,90,Mist,mist,2015-12-16 08:00:00,5882,0,2015-12-16
None,270.93,0.0,0.0,90,Snow,light snow,2015-12-17 08:00:00,5707,0,2015-12-17
None,265.02,0.0,0.0,90,Clouds,overcast clouds,2015-12-18 08:00:00,5477,0,2015-12-18
None,259.74,0.0,0.0,1,Clear,sky is clear,2015-12-19 08:00:00,2699,1,2015-12-19
None,271.81,0.0,0.0,90,Mist,mist,2015-12-22 08:00:00,5193,0,2015-12-22
None,274.73,0.64,0.0,90,Rain,moderate rain,2015-12-23 08:00:00,4619,0,2015-12-23
None,269.08,0.0,0.0,90,Clouds,overcast clouds,2015-12-24 08:00:00,2639,0,2015-12-24
None,270.57,0.0,0.0,75,Haze,haze,2015-12-25 08:00:00,746,0,2015-12-25
None,270.74,0.0,0.05,90,Snow,light snow,2015-12-26 08:00:00,1472,1,2015-12-26
None,269.4,0.0,0.1,75,Snow,light snow,2015-12-29 08:00:00,2979,0,2015-12-29
None,260.0,0.0,0.0,20,Mist,mist,2015-12-31 08:00:00,3922,0,2015-12-31
None,264.8,0.0,0.0,75,Clouds,broken clouds,2016-01-01 08:00:00,1077,0,2016-01-01
None,264.19,0.0,0.0,1,Clear,sky is clear,2016-01-02 08:00:00,1880,1,2016-01-02
None,258.93,0.0,0.0,1,Fog,fog,2016-01-04 08:00:00,5670,0,2016-01-04
None,267.61,0.0,0.0,1,Clear,sky is clear,2016-01-05 08:00:00,5762,0,2016-01-05
None,258.9,0.0,0.0,90,Clouds,overcast clouds,2016-01-09 08:00:00,1885,1,2016-01-09
None,249.22,0.0,0.0,1,Clear,sky is clear,2016-01-10 08:00:00,1721,1,2016-01-10
None,248.61,0.0,0.0,75,Haze,haze,2016-01-11 08:00:00,5494,0,2016-01-11
None,251.95,0.0,0.0,1,Clear,sky is clear,2016-01-12 08:00:00,5207,0,2016-01-12
None,254.96,0.0,0.0,90,Clouds,overcast clouds,2016-01-13 08:00:00,6191,0,2016-01-13
None,265.65,0.0,0.0,40,Haze,haze,2016-01-14 08:00:00,5714,0,2016-01-14
None,267.01,0.0,0.0,90,Mist,mist,2016-01-15 08:00:00,5502,0,2016-01-15
None,254.51,0.0,0.0,40,Clouds,scattered clouds,2016-01-16 08:00:00,2603,1,2016-01-16
None,247.15,0.0,0.0,1,Clear,sky is clear,2016-01-17 08:00:00,1988,1,2016-01-17
None,249.65,0.0,0.0,90,Clouds,overcast clouds,2016-01-18 08:00:00,3497,0,2016-01-18
None,249.49,0.0,0.0,1,Clear,sky is clear,2016-01-19 08:00:00,5883,0,2016-01-19
None,265.55,0.0,0.0,90,Snow,light snow,2016-01-22 08:00:00,5460,0,2016-01-22
None,269.88,0.0,0.0,90,Mist,mist,2016-01-24 08:00:00,1895,1,2016-01-24
None,264.5,0.0,0.0,75,Clouds,broken clouds,2016-01-27 08:00:00,6312,0,2016-01-27
None,274.29,0.0,0.0,90,Clouds,overcast clouds,2016-01-28 08:00:00,5815,0,2016-01-28
None,268.22,0.0,0.0,90,Clouds,overcast clouds,2016-01-29 08:00:00,5591,0,2016-01-29
None,271.51,0.0,0.0,1,Mist,mist,2016-01-31 08:00:00,2231,1,2016-01-31
None,270.61,0.0,0.0,90,Clouds,overcast clouds,2016-02-02 08:00:00,5526,0,2016-02-02
None,265.23,0.0,0.0,90,Snow,light snow,2016-02-03 08:00:00,4172,0,2016-02-03
None,262.88,0.0,0.0,90,Snow,light snow,2016-02-04 08:00:00,5383,0,2016-02-04
None,257.51,0.0,0.0,75,Mist,mist,2016-02-05 08:00:00,5716,0,2016-02-05
None,269.68,0.0,0.0,40,Mist,mist,2016-02-06 08:00:00,2704,1,2016-02-06
None,276.21,0.0,0.0,75,Clouds,broken clouds,2016-02-07 08:00:00,2063,1,2016-02-07
None,261.87,0.0,0.0,90,Snow,light snow,2016-02-08 08:00:00,5471,0,2016-02-08
None,258.21,0.0,0.0,1,Clear,sky is clear,2016-02-09 08:00:00,5947,0,2016-02-09
None,253.36,0.0,0.0,1,Clear,sky is clear,2016-02-11 08:00:00,5965,0,2016-02-11
None,251.38,0.0,0.0,1,Clear,sky is clear,2016-02-13 08:00:00,2704,1,2016-02-13
None,262.01,0.0,0.0,90,Snow,light snow,2016-02-14 08:00:00,2063,1,2016-02-14
None,266.86,0.0,0.0,90,Mist,mist,2016-02-15 08:00:00,4694,0,2016-02-15
None,260.82,0.0,0.0,1,Clear,sky is clear,2016-02-17 08:00:00,5973,0,2016-02-17
None,270.36,0.0,0.0,1,Clear,sky is clear,2016-02-21 08:00:00,1907,1,2016-02-21
None,274.01,0.0,0.0,90,Snow,light snow,2016-02-23 08:00:00,5556,0,2016-02-23
None,270.43,0.0,0.0,75,Clouds,broken clouds,2016-02-25 08:00:00,5863,0,2016-02-25
None,274.74,0.0,0.0,90,Clouds,overcast clouds,2016-02-28 08:00:00,1985,1,2016-02-28
None,270.16,0.0,0.0,90,Clouds,overcast clouds,2016-02-29 08:00:00,5772,0,2016-02-29
None,263.15,0.0,0.0,90,Clouds,overcast clouds,2016-03-01 08:00:00,5959,0,2016-03-01
None,276.61,0.0,0.0,40,Clouds,scattered clouds,2016-03-06 08:00:00,1987,1,2016-03-06
None,286.68,0.0,0.0,90,Clouds,overcast clouds,2016-03-08 08:00:00,6003,0,2016-03-08
None,275.43,0.0,0.0,90,Drizzle,light intensity drizzle,2016-03-09 08:00:00,6115,0,2016-03-09
None,273.82,0.0,0.0,90,Mist,mist,2016-03-10 08:00:00,6009,0,2016-03-10
None,283.64,0.0,0.0,5,Clear,sky is clear,2016-03-12 08:00:00,3792,1,2016-03-12
None,281.62,0.0,0.0,75,Rain,light rain,2016-03-13 08:00:00,1693,1,2016-03-13
None,281.93,0.0,0.0,90,Mist,mist,2016-03-14 08:00:00,5969,0,2016-03-14
None,284.36,0.0,0.0,90,Rain,moderate rain,2016-03-15 08:00:00,5771,0,2016-03-15
None,274.86,0.0,0.0,1,Clear,sky is clear,2016-03-17 08:00:00,6104,0,2016-03-17
None,272.51,0.0,0.0,90,Snow,light snow,2016-03-18 08:00:00,5414,0,2016-03-18
None,270.79,0.0,0.0,90,Snow,light snow,2016-03-19 08:00:00,3125,1,2016-03-19
None,269.94,0.0,0.0,1,Clear,sky is clear,2016-03-20 08:00:00,2093,1,2016-03-20
None,271.15,0.0,0.0,1,Clear,sky is clear,2016-03-21 08:00:00,5884,0,2016-03-21
None,276.15,0.0,0.0,1,Clear,sky is clear,2016-03-22 08:00:00,6137,0,2016-03-22
None,271.69,0.0,0.0,1,Clear,sky is clear,2016-03-25 08:00:00,5170,0,2016-03-25
None,277.87,0.0,0.0,90,Rain,moderate rain,2016-03-26 08:00:00,2608,1,2016-03-26
None,275.22,0.0,0.0,90,Rain,moderate rain,2016-03-27 08:00:00,1670,1,2016-03-27
None,279.93,0.0,0.0,1,Clear,sky is clear,2016-03-29 08:00:00,5928,0,2016-03-29
None,279.72,0.0,0.0,90,Rain,heavy intensity rain,2016-03-30 08:00:00,5923,0,2016-03-30
None,277.61,0.0,0.0,90,Rain,light rain,2016-03-31 08:00:00,5980,0,2016-03-31
None,271.09,0.0,0.0,40,Snow,light snow,2016-04-02 08:00:00,3145,1,2016-04-02
None,274.05,0.0,0.0,75,Clouds,broken clouds,2016-04-03 08:00:00,2484,1,2016-04-03
None,273.9,0.0,0.0,90,Clouds,overcast clouds,2016-04-05 08:00:00,6246,0,2016-04-05
None,274.28,0.0,0.0,1,Mist,mist,2016-04-06 08:00:00,6251,0,2016-04-06
None,273.65,0.0,0.0,90,Snow,light snow,2016-04-07 08:00:00,5941,0,2016-04-07
None,272.62,0.0,0.0,90,Snow,light snow,2016-04-08 08:00:00,5939,0,2016-04-08
None,268.81,0.0,0.0,1,Clear,sky is clear,2016-04-09 08:00:00,3210,1,2016-04-09
None,275.86,0.0,0.0,75,Clouds,broken clouds,2016-04-10 08:00:00,2759,1,2016-04-10
None,272.71,0.0,0.0,75,Clouds,broken clouds,2016-04-11 08:00:00,6024,0,2016-04-11
None,272.58,0.0,0.0,1,Clear,sky is clear,2016-04-12 08:00:00,6199,0,2016-04-12
None,281.12,0.0,0.0,1,Clear,sky is clear,2016-04-13 08:00:00,6150,0,2016-04-13
None,285.79,0.0,0.0,40,Clouds,scattered clouds,2016-04-14 08:00:00,6171,0,2016-04-14
None,288.94,0.0,0.0,90,Clouds,overcast clouds,2016-04-16 08:00:00,3475,1,2016-04-16
None,291.22,0.0,0.0,1,Clear,sky is clear,2016-04-17 08:00:00,2116,1,2016-04-17
None,289.44,0.0,0.0,1,Clear,sky is clear,2016-04-18 08:00:00,6328,0,2016-04-18
None,282.87,0.0,0.0,90,Mist,mist,2016-04-19 08:00:00,6332,0,2016-04-19
None,284.08,0.0,0.0,90,Haze,haze,2016-04-20 08:00:00,6405,0,2016-04-20
None,285.29,0.0,0.0,90,Mist,mist,2016-04-21 08:00:00,6303,0,2016-04-21
None,278.952,0.0,0.0,0,Clear,Sky is Clear,2016-04-22 08:00:00,6166,0,2016-04-22
None,281.1,0.0,0.0,1,Clear,sky is clear,2016-04-23 08:00:00,3497,1,2016-04-23
None,284.58,1.6,0.0,90,Rain,moderate rain,2016-04-24 08:00:00,2620,1,2016-04-24
None,283.59,4.7,0.0,90,Rain,heavy intensity rain,2016-04-25 08:00:00,5521,0,2016-04-25
None,278.45,0.0,0.0,90,Clouds,overcast clouds,2016-04-26 08:00:00,6326,0,2016-04-26
None,278.6,0.0,0.0,1,Clear,sky is clear,2016-04-27 08:00:00,6518,0,2016-04-27
None,276.39,0.0,0.0,90,Rain,moderate rain,2016-04-28 08:00:00,5691,0,2016-04-28
None,276.95,0.0,0.0,75,Mist,mist,2016-04-29 08:00:00,5464,0,2016-04-29
None,278.82,0.0,0.0,75,Clouds,broken clouds,2016-04-30 08:00:00,3400,1,2016-04-30
None,278.53,0.0,0.0,75,Clouds,broken clouds,2016-05-01 08:00:00,2453,1,2016-05-01
None,280.76,0.0,0.0,5,Clear,sky is clear,2016-05-02 08:00:00,5804,0,2016-05-02
None,284.25,0.0,0.0,75,Clouds,broken clouds,2016-05-03 08:00:00,6325,0,2016-05-03
None,282.8,0.0,0.0,1,Clear,sky is clear,2016-05-04 08:00:00,6446,0,2016-05-04
None,283.15,0.0,0.0,75,Clouds,broken clouds,2016-05-05 08:00:00,6299,0,2016-05-05
None,291.31,0.0,0.0,1,Clear,sky is clear,2016-05-06 08:00:00,5690,0,2016-05-06
None,285.6,0.0,0.0,1,Smoke,smoke,2016-05-07 08:00:00,3139,1,2016-05-07
None,284.5,0.0,0.0,75,Clouds,broken clouds,2016-05-08 08:00:00,2097,1,2016-05-08
None,286.49,0.0,0.0,75,Clouds,broken clouds,2016-05-09 08:00:00,5932,0,2016-05-09
None,282.16,0.42,0.0,90,Rain,moderate rain,2016-05-10 08:00:00,5878,0,2016-05-10
None,283.22,0.0,0.0,90,Drizzle,drizzle,2016-05-11 08:00:00,6087,0,2016-05-11
None,283.34,0.0,0.0,20,Clouds,few clouds,2016-05-12 08:00:00,6268,0,2016-05-12
None,278.07,1.69,0.0,90,Rain,moderate rain,2016-05-13 08:00:00,5340,0,2016-05-13
None,274.91,0.0,0.0,20,Clouds,few clouds,2016-05-14 08:00:00,2748,1,2016-05-14
None,278.4,0.0,0.0,1,Clear,sky is clear,2016-05-15 08:00:00,2002,1,2016-05-15
None,284.03,0.0,0.0,20,Clouds,few clouds,2016-05-16 08:00:00,5853,0,2016-05-16
None,282.73,0.0,0.0,75,Clouds,broken clouds,2016-05-17 08:00:00,6085,0,2016-05-17
None,283.0,0.0,0.0,1,Clear,sky is clear,2016-05-18 08:00:00,5742,0,2016-05-18
None,285.82,0.0,0.0,20,Clouds,few clouds,2016-05-19 08:00:00,5884,0,2016-05-19
None,287.85,0.0,0.0,20,Clouds,few clouds,2016-05-20 08:00:00,5415,0,2016-05-20
None,286.87,0.0,0.0,40,Haze,haze,2016-05-21 08:00:00,2763,1,2016-05-21
None,289.62,0.0,0.0,20,Clouds,few clouds,2016-05-22 08:00:00,1954,1,2016-05-22
None,293.63,0.0,0.0,90,Clouds,overcast clouds,2016-05-23 08:00:00,5791,0,2016-05-23
None,292.43,0.0,0.0,40,Mist,mist,2016-05-24 08:00:00,5301,0,2016-05-24
None,292.62,0.0,0.0,90,Clouds,overcast clouds,2016-05-25 08:00:00,5879,0,2016-05-25
None,290.15,0.0,0.0,75,Clouds,broken clouds,2016-05-26 08:00:00,6176,0,2016-05-26
None,291.68,0.0,0.0,90,Rain,light rain,2016-05-27 08:00:00,5165,0,2016-05-27
None,288.95,0.0,0.0,90,Mist,mist,2016-05-28 08:00:00,1941,1,2016-05-28
None,290.04,0.0,0.0,90,Rain,heavy intensity rain,2016-05-29 08:00:00,1711,1,2016-05-29
None,290.2,0.0,0.0,75,Mist,mist,2016-05-30 08:00:00,1258,0,2016-05-30
None,291.46,0.4,0.0,90,Rain,moderate rain,2016-05-31 08:00:00,5563,0,2016-05-31
None,288.54,0.0,0.0,40,Clouds,scattered clouds,2016-06-01 08:00:00,6264,0,2016-06-01
None,287.2,0.0,0.0,40,Clouds,scattered clouds,2016-06-02 08:00:00,5613,0,2016-06-02
None,290.74,0.0,0.0,75,Clouds,broken clouds,2016-06-03 08:00:00,5471,0,2016-06-03
None,289.17,0.0,0.0,75,Clouds,broken clouds,2016-06-04 08:00:00,3320,1,2016-06-04
None,289.62,0.0,0.0,1,Clear,sky is clear,2016-06-05 08:00:00,2211,1,2016-06-05
None,287.51,0.0,0.0,20,Clouds,few clouds,2016-06-06 08:00:00,5564,0,2016-06-06
None,286.0,0.0,0.0,1,Clear,sky is clear,2016-06-07 08:00:00,5711,0,2016-06-07
None,286.21,0.0,0.0,0,Clear,Sky is Clear,2016-06-08 08:00:00,5841,0,2016-06-08
None,290.95,0.9,0.0,68,Rain,light rain,2016-06-09 08:00:00,5332,0,2016-06-09
None,297.03,0.0,0.0,0,Clear,Sky is Clear,2016-06-10 08:00:00,5567,0,2016-06-10
None,294.84,0.0,0.0,32,Clouds,scattered clouds,2016-06-11 08:00:00,2515,1,2016-06-11
None,291.11,0.0,0.0,36,Clouds,scattered clouds,2016-06-12 08:00:00,1921,1,2016-06-12
None,292.35,0.0,0.0,48,Clouds,scattered clouds,2016-06-13 08:00:00,5854,0,2016-06-13
None,291.11,0.0,0.0,88,Clouds,overcast clouds,2016-06-14 08:00:00,5944,0,2016-06-14
None,292.31,0.0,0.0,88,Clouds,overcast clouds,2016-06-15 08:00:00,6315,0,2016-06-15
None,290.94,0.0,0.0,0,Clear,Sky is Clear,2016-06-16 08:00:00,5667,0,2016-06-16
None,293.94,0.0,0.0,0,Clear,Sky is Clear,2016-06-17 08:00:00,5717,0,2016-06-17
None,293.29,0.0,0.0,56,Clouds,broken clouds,2016-06-18 08:00:00,3674,1,2016-06-18
None,295.8,0.0,0.0,0,Clear,Sky is Clear,2016-06-19 08:00:00,2402,1,2016-06-19
None,292.59,0.0,0.0,0,Clear,Sky is Clear,2016-06-20 08:00:00,5886,0,2016-06-20
None,289.37,0.0,0.0,0,Clear,Sky is Clear,2016-06-21 08:00:00,5971,0,2016-06-21
None,292.56,0.0,0.0,48,Clouds,scattered clouds,2016-06-22 08:00:00,5880,0,2016-06-22
None,287.8,0.0,0.0,68,Clouds,broken clouds,2016-06-23 08:00:00,5991,0,2016-06-23
None,291.37,0.0,0.0,20,Clouds,few clouds,2016-06-24 08:00:00,5448,0,2016-06-24
None,297.84,0.0,0.0,1,Clear,sky is clear,2016-06-25 08:00:00,2806,1,2016-06-25
None,294.72,0.0,0.0,20,Clouds,few clouds,2016-06-26 08:00:00,2078,1,2016-06-26
None,290.92,0.0,0.0,75,Clouds,broken clouds,2016-06-27 08:00:00,5332,0,2016-06-27
None,289.46,0.0,0.0,40,Clouds,scattered clouds,2016-06-28 08:00:00,5371,0,2016-06-28
None,290.68,0.0,0.0,40,Clouds,scattered clouds,2016-06-29 08:00:00,5448,0,2016-06-29
None,292.88,0.0,0.0,75,Clouds,broken clouds,2016-06-30 08:00:00,5549,0,2016-06-30
None,286.51,0.0,0.0,20,Clouds,few clouds,2016-07-01 08:00:00,4281,0,2016-07-01
None,289.67,0.0,0.0,75,Clouds,broken clouds,2016-07-02 08:00:00,2178,1,2016-07-02
None,291.48,0.0,0.0,40,Clouds,scattered clouds,2016-07-03 08:00:00,1616,1,2016-07-03
None,292.34,0.0,0.0,20,Clouds,few clouds,2016-07-04 08:00:00,1060,0,2016-07-04
None,294.45,0.0,0.0,75,Haze,haze,2016-07-05 08:00:00,4441,0,2016-07-05
None,292.5,0.0,0.0,75,Mist,mist,2016-07-06 08:00:00,5135,0,2016-07-06
None,293.45,0.0,0.0,90,Clouds,overcast clouds,2016-07-07 08:00:00,5245,0,2016-07-07
None,292.46,0.0,0.0,20,Clouds,few clouds,2016-07-08 08:00:00,4956,0,2016-07-08
None,291.6,0.0,0.0,1,Clear,sky is clear,2016-07-09 08:00:00,2394,1,2016-07-09
None,291.74,0.51,0.0,75,Rain,light rain,2016-07-10 08:00:00,2407,1,2016-07-10
None,294.83,0.0,0.0,90,Rain,light rain,2016-07-11 08:00:00,5157,0,2016-07-11
None,294.27,0.0,0.0,75,Clouds,broken clouds,2016-07-12 08:00:00,5591,0,2016-07-12
None,295.83,0.0,0.0,40,Clouds,scattered clouds,2016-07-13 08:00:00,5598,0,2016-07-13
None,291.952,0.0,0.0,44,Clouds,scattered clouds,2016-07-14 08:00:00,5620,0,2016-07-14
None,288.494,0.0,0.0,92,Clouds,overcast clouds,2016-07-15 08:00:00,4889,0,2016-07-15
None,286.532,0.0,0.0,0,Clear,Sky is Clear,2016-07-16 08:00:00,2606,1,2016-07-16
None,294.121,0.0,0.0,88,Clouds,overcast clouds,2016-07-17 08:00:00,1669,1,2016-07-17
None,289.858,0.0,0.0,92,Clouds,overcast clouds,2016-07-18 08:00:00,4813,0,2016-07-18
None,297.888,0.0,0.0,0,Clear,Sky is Clear,2016-07-19 08:00:00,5414,0,2016-07-19
None,297.888,0.0,0.0,0,Clear,Sky is Clear,2016-07-20 08:00:00,5425,0,2016-07-20
None,295.37,0.0,0.0,75,Clouds,broken clouds,2016-07-21 08:00:00,5461,0,2016-07-21
None,296.54,0.0,0.0,20,Clouds,few clouds,2016-07-22 08:00:00,4598,0,2016-07-22
None,298.14,0.0,0.0,90,Clouds,overcast clouds,2016-07-23 08:00:00,2497,1,2016-07-23
None,296.05,0.0,0.0,40,Clouds,scattered clouds,2016-07-24 08:00:00,1872,1,2016-07-24
None,293.73,0.0,0.0,1,Clear,sky is clear,2016-07-25 08:00:00,5206,0,2016-07-25
None,295.66,0.0,0.0,20,Clouds,few clouds,2016-07-26 08:00:00,5392,0,2016-07-26
None,295.78,0.0,0.0,90,Clouds,overcast clouds,2016-07-27 08:00:00,5441,0,2016-07-27
None,291.09,0.0,0.0,90,Mist,mist,2016-07-28 08:00:00,5266,0,2016-07-28
None,290.06,0.0,0.0,75,Clouds,broken clouds,2016-07-29 08:00:00,4523,0,2016-07-29
None,291.32,0.0,0.0,90,Clouds,overcast clouds,2016-07-30 08:00:00,2497,1,2016-07-30
None,293.68,0.0,0.0,75,Clouds,broken clouds,2016-07-31 08:00:00,1872,1,2016-07-31
None,294.99,0.0,0.0,20,Clouds,few clouds,2016-08-01 08:00:00,5159,0,2016-08-01
None,296.3,0.0,0.0,75,Clouds,broken clouds,2016-08-02 08:00:00,5462,0,2016-08-02
None,296.11,0.0,0.0,1,Mist,mist,2016-08-03 08:00:00,5748,0,2016-08-03
None,294.06,12.83,0.0,32,Rain,heavy intensity rain,2016-08-04 08:00:00,4669,0,2016-08-04
None,291.05,0.0,0.0,0,Clear,Sky is Clear,2016-08-05 08:00:00,5069,0,2016-08-05
None,290.51,0.0,0.0,0,Clear,Sky is Clear,2016-08-06 08:00:00,3151,1,2016-08-06
None,289.91,0.0,0.0,24,Clouds,few clouds,2016-08-07 08:00:00,2028,1,2016-08-07
None,292.98,0.0,0.0,12,Clouds,few clouds,2016-08-08 08:00:00,5366,0,2016-08-08
None,295.59,0.0,0.0,64,Clouds,broken clouds,2016-08-09 08:00:00,4748,0,2016-08-09
None,295.7,0.0,0.0,0,Clear,Sky is Clear,2016-08-10 08:00:00,5686,0,2016-08-10
None,293.02,0.0,0.0,32,Rain,moderate rain,2016-08-11 08:00:00,5568,0,2016-08-11
None,294.13,0.0,0.0,88,Clouds,overcast clouds,2016-08-12 08:00:00,5393,0,2016-08-12
None,290.8,0.0,0.0,0,Clear,Sky is Clear,2016-08-13 08:00:00,1741,1,2016-08-13
None,290.36,0.0,0.0,0,Clear,Sky is Clear,2016-08-14 08:00:00,1591,1,2016-08-14
None,291.59,0.0,0.0,0,Clear,Sky is Clear,2016-08-15 08:00:00,5284,0,2016-08-15
None,293.69,0.0,0.0,48,Clouds,scattered clouds,2016-08-16 08:00:00,5373,0,2016-08-16
None,291.62,0.0,0.0,0,Clear,Sky is Clear,2016-08-17 08:00:00,5853,0,2016-08-17
None,294.03,0.0,0.0,0,Clear,Sky is Clear,2016-08-18 08:00:00,5386,0,2016-08-18
None,292.0,0.0,0.0,76,Rain,light rain,2016-08-19 08:00:00,4986,0,2016-08-19
None,288.48,1.41,0.0,92,Rain,moderate rain,2016-08-20 08:00:00,2334,1,2016-08-20
None,287.45,0.0,0.0,1,Clear,sky is clear,2016-08-21 08:00:00,1755,1,2016-08-21
None,290.43,0.0,0.0,75,Clouds,broken clouds,2016-08-22 08:00:00,5397,0,2016-08-22
None,293.36,0.0,0.0,1,Clear,sky is clear,2016-08-23 08:00:00,5648,0,2016-08-23
None,293.32,0.0,0.0,75,Mist,mist,2016-08-24 08:00:00,5736,0,2016-08-24
None,289.96,0.0,0.0,1,Clear,sky is clear,2016-08-25 08:00:00,5798,0,2016-08-25
None,287.46,0.0,0.0,1,Mist,mist,2016-08-26 08:00:00,5732,0,2016-08-26
None,289.68,0.3,0.0,90,Rain,light rain,2016-08-27 08:00:00,3051,1,2016-08-27
None,289.35,0.0,0.0,40,Mist,mist,2016-08-28 08:00:00,2609,1,2016-08-28
None,294.58,0.0,0.0,75,Mist,mist,2016-08-29 08:00:00,4699,0,2016-08-29
None,292.58,0.0,0.0,75,Clouds,broken clouds,2016-08-30 08:00:00,5806,0,2016-08-30
None,287.83,0.0,0.0,1,Mist,mist,2016-08-31 08:00:00,5815,0,2016-08-31
None,287.95,0.0,0.0,1,Clear,sky is clear,2016-09-01 08:00:00,5447,0,2016-09-01
None,287.43,0.0,0.0,1,Clear,sky is clear,2016-09-02 08:00:00,5143,0,2016-09-02
None,289.16,0.0,0.0,1,Clear,sky is clear,2016-09-03 08:00:00,3121,1,2016-09-03
None,290.31,0.0,0.0,1,Clear,sky is clear,2016-09-04 08:00:00,3040,1,2016-09-04
None,292.38,0.0,0.0,1,Clear,sky is clear,2016-09-05 08:00:00,1752,0,2016-09-05
None,293.9,2.29,0.0,75,Rain,heavy intensity rain,2016-09-06 08:00:00,5267,0,2016-09-06
None,293.16,0.51,0.0,90,Rain,moderate rain,2016-09-07 08:00:00,5732,0,2016-09-07
None,289.11,0.0,0.0,1,Clear,sky is clear,2016-09-08 08:00:00,5505,0,2016-09-08
None,289.86,0.3,0.0,1,Rain,light rain,2016-09-09 08:00:00,6022,0,2016-09-09
None,287.42,0.0,0.0,40,Clouds,scattered clouds,2016-09-10 08:00:00,3748,1,2016-09-10
None,287.92,0.0,0.0,1,Clear,sky is clear,2016-09-11 08:00:00,2265,1,2016-09-11
None,290.2,0.0,0.0,1,Clear,sky is clear,2016-09-12 08:00:00,5759,0,2016-09-12
None,285.62,0.0,0.0,1,Clear,sky is clear,2016-09-13 08:00:00,5628,0,2016-09-13
None,280.75,0.0,0.0,1,Clear,sky is clear,2016-09-14 08:00:00,5905,0,2016-09-14
None,288.59,0.0,0.0,90,Clouds,overcast clouds,2016-09-15 08:00:00,5919,0,2016-09-15
None,289.83,0.0,0.0,90,Clouds,overcast clouds,2016-09-16 08:00:00,5660,0,2016-09-16
None,287.93,0.0,0.0,90,Mist,mist,2016-09-17 08:00:00,3364,1,2016-09-17
None,287.06,0.0,0.0,1,Clear,sky is clear,2016-09-18 08:00:00,2948,1,2016-09-18
None,290.66,0.0,0.0,0,Clear,Sky is Clear,2016-09-19 08:00:00,5294,0,2016-09-19
None,286.28,0.0,0.0,32,Clouds,scattered clouds,2016-09-20 08:00:00,6224,0,2016-09-20
None,288.48,0.0,0.0,0,Clear,Sky is Clear,2016-09-21 08:00:00,6011,0,2016-09-21
None,289.37,0.0,0.0,80,Clouds,broken clouds,2016-09-22 08:00:00,5456,0,2016-09-22
None,288.11,0.0,0.0,76,Rain,light rain,2016-09-23 08:00:00,4934,0,2016-09-23
None,290.22,0.0,0.0,88,Rain,light rain,2016-09-24 08:00:00,3470,1,2016-09-24
None,289.69,2.03,0.0,88,Rain,moderate rain,2016-09-25 08:00:00,1963,1,2016-09-25
None,282.91,0.0,0.0,56,Clouds,broken clouds,2016-09-26 08:00:00,5900,0,2016-09-26
None,281.86,0.0,0.0,36,Clouds,scattered clouds,2016-09-27 08:00:00,5537,0,2016-09-27
None,283.85,0.0,0.0,92,Clouds,overcast clouds,2016-09-28 08:00:00,5703,0,2016-09-28
None,280.93,0.0,0.0,0,Clear,Sky is Clear,2016-09-29 08:00:00,5836,0,2016-09-29
None,283.68,0.0,0.0,0,Clear,Sky is Clear,2016-09-30 08:00:00,5267,0,2016-09-30
None,284.15,0.0,0.0,20,Clouds,few clouds,2016-10-01 08:00:00,3462,1,2016-10-01
None,283.01,0.0,0.0,0,Clear,Sky is Clear,2016-10-02 08:00:00,2008,1,2016-10-02
None,284.76,0.0,0.0,0,Clear,Sky is Clear,2016-10-03 08:00:00,4873,0,2016-10-03
None,287.14,1.02,0.0,64,Rain,moderate rain,2016-10-04 08:00:00,5460,0,2016-10-04
None,287.246,0.0,0.0,80,Rain,light rain,2016-10-05 08:00:00,5909,0,2016-10-05
None,284.001,0.0,0.0,36,Clouds,scattered clouds,2016-10-06 08:00:00,5694,0,2016-10-06
None,278.658,0.0,0.0,0,Clear,Sky is Clear,2016-10-07 08:00:00,5307,0,2016-10-07
None,277.685,0.0,0.0,24,Clouds,few clouds,2016-10-08 08:00:00,3397,1,2016-10-08
None,270.365,0.0,0.0,0,Clear,Sky is Clear,2016-10-09 08:00:00,2513,1,2016-10-09
None,287.212,0.0,0.0,0,Clear,Sky is Clear,2016-10-10 08:00:00,5226,0,2016-10-10
None,287.724,0.0,0.0,36,Clouds,scattered clouds,2016-10-11 08:00:00,5998,0,2016-10-11
None,279.532,0.0,0.0,92,Rain,moderate rain,2016-10-12 08:00:00,5453,0,2016-10-12
None,270.969,0.0,0.0,0,Clear,Sky is Clear,2016-10-13 08:00:00,5186,0,2016-10-13
None,281.278,0.0,0.0,48,Clouds,scattered clouds,2016-10-14 08:00:00,5215,0,2016-10-14
None,286.252,0.0,0.0,0,Clear,Sky is Clear,2016-10-16 08:00:00,1761,1,2016-10-16
None,288.865,0.0,0.0,0,Clear,Sky is Clear,2016-10-17 08:00:00,5482,0,2016-10-17
None,284.881,0.0,0.0,12,Clouds,few clouds,2016-10-18 08:00:00,4313,0,2016-10-18
None,284.603,0.0,0.0,0,Clear,Sky is Clear,2016-10-19 08:00:00,5862,0,2016-10-19
None,277.35200000000003,0.0,0.0,0,Clear,Sky is Clear,2016-10-20 08:00:00,5223,0,2016-10-20
None,278.536,0.0,0.0,76,Clouds,broken clouds,2016-10-21 08:00:00,4961,0,2016-10-21
None,280.913,0.0,0.0,0,Clear,Sky is Clear,2016-10-22 08:00:00,3073,1,2016-10-22
None,279.832,0.0,0.0,0,Clear,Sky is Clear,2016-10-23 08:00:00,2375,1,2016-10-23
None,271.838,0.0,0.0,0,Clear,Sky is Clear,2016-10-24 08:00:00,5110,0,2016-10-24
None,276.511,0.0,0.0,92,Clouds,overcast clouds,2016-10-25 08:00:00,5526,0,2016-10-25
None,278.976,0.0,0.0,100,Rain,moderate rain,2016-10-26 08:00:00,5120,0,2016-10-26
None,274.788,0.0,0.0,20,Clouds,few clouds,2016-10-27 08:00:00,5798,0,2016-10-27
None,283.84,0.0,0.0,56,Clouds,broken clouds,2016-10-28 08:00:00,5082,0,2016-10-28
None,282.4240000000001,0.0,0.0,80,Clouds,broken clouds,2016-10-29 08:00:00,3251,1,2016-10-29
None,273.613,0.0,0.0,0,Clear,Sky is Clear,2016-10-30 08:00:00,1692,1,2016-10-30
None,279.752,0.0,0.0,32,Clouds,scattered clouds,2016-10-31 08:00:00,5108,0,2016-10-31
None,281.469,0.0,0.0,0,Clear,Sky is Clear,2016-11-01 08:00:00,5467,0,2016-11-01
None,277.54,0.0,0.0,90,Mist,mist,2016-11-02 08:00:00,5276,0,2016-11-02
None,279.41,0.0,0.0,1,Fog,fog,2016-11-03 08:00:00,5865,0,2016-11-03
None,277.28,0.0,0.0,1,Mist,mist,2016-11-04 08:00:00,5310,0,2016-11-04
None,276.23,0.0,0.0,1,Mist,mist,2016-11-05 08:00:00,2754,1,2016-11-05
None,281.01,0.0,0.0,1,Clear,sky is clear,2016-11-06 08:00:00,2169,1,2016-11-06
None,282.83,0.0,0.0,75,Clouds,broken clouds,2016-11-07 08:00:00,5717,0,2016-11-07
None,278.9,0.0,0.0,1,Clear,sky is clear,2016-11-08 08:00:00,5495,0,2016-11-08
None,273.35,0.0,0.0,90,Mist,mist,2016-11-09 08:00:00,5779,0,2016-11-09
None,279.8,0.0,0.0,1,Clear,sky is clear,2016-11-10 08:00:00,4983,0,2016-11-10
None,276.56,0.0,0.0,1,Clear,sky is clear,2016-11-11 08:00:00,5269,0,2016-11-11
None,273.82,0.0,0.0,1,Clear,sky is clear,2016-11-12 08:00:00,2844,1,2016-11-12
None,278.49,0.0,0.0,1,Clear,sky is clear,2016-11-13 08:00:00,1842,1,2016-11-13
None,278.35,0.0,0.0,90,Clouds,overcast clouds,2016-11-14 08:00:00,5498,0,2016-11-14
None,276.65,0.0,0.0,75,Mist,mist,2016-11-15 08:00:00,4800,0,2016-11-15
None,274.7,0.0,0.0,40,Mist,mist,2016-11-16 08:00:00,5584,0,2016-11-16
None,280.75,0.0,0.0,75,Clouds,broken clouds,2016-11-17 08:00:00,5074,0,2016-11-17
None,280.56,0.0,0.0,90,Rain,light rain,2016-11-18 08:00:00,4954,0,2016-11-18
None,271.49,0.0,0.0,40,Snow,light snow,2016-11-19 08:00:00,3112,1,2016-11-19
None,269.21,0.0,0.0,90,Clouds,overcast clouds,2016-11-20 08:00:00,2089,1,2016-11-20
None,267.42,0.0,0.0,1,Clear,sky is clear,2016-11-21 08:00:00,5277,0,2016-11-21
None,273.9,0.0,0.0,90,Rain,moderate rain,2016-11-22 08:00:00,5034,0,2016-11-22
None,274.15,0.0,0.0,90,Mist,mist,2016-11-23 08:00:00,4219,0,2016-11-23
None,274.24,0.0,0.0,90,Mist,mist,2016-11-24 08:00:00,1452,0,2016-11-24
None,274.03,0.0,0.0,90,Mist,mist,2016-11-25 08:00:00,2024,0,2016-11-25
None,272.55,0.0,0.0,1,Mist,mist,2016-11-26 08:00:00,1883,1,2016-11-26
None,271.75,0.0,0.0,90,Fog,fog,2016-11-27 08:00:00,1808,1,2016-11-27
None,283.35,0.0,0.0,75,Rain,moderate rain,2016-11-28 08:00:00,5279,0,2016-11-28
None,274.95,0.0,0.0,90,Clouds,overcast clouds,2016-11-29 08:00:00,5353,0,2016-11-29
None,274.95,0.0,0.0,90,Drizzle,drizzle,2016-11-30 08:00:00,5681,0,2016-11-30
None,274.84,0.0,0.0,90,Mist,mist,2016-12-01 08:00:00,5492,0,2016-12-01
None,272.62,0.0,0.0,90,Clouds,overcast clouds,2016-12-02 08:00:00,5660,0,2016-12-02
None,271.55,0.0,0.0,90,Snow,light snow,2016-12-03 08:00:00,3002,1,2016-12-03
None,271.35,0.0,0.0,1,Mist,mist,2016-12-05 08:00:00,5957,0,2016-12-05
None,265.15,0.0,0.0,90,Snow,light snow,2016-12-07 08:00:00,6210,0,2016-12-07
None,266.08,0.0,0.0,40,Snow,light snow,2016-12-08 08:00:00,5934,0,2016-12-08
None,262.75,0.0,0.0,1,Snow,light snow,2016-12-09 08:00:00,5529,0,2016-12-09
None,257.22,0.0,0.0,1,Clear,sky is clear,2016-12-10 08:00:00,2825,1,2016-12-10
None,264.62,0.0,0.0,90,Snow,snow,2016-12-11 08:00:00,1190,1,2016-12-11
None,256.15,0.0,0.0,90,Snow,light snow,2016-12-12 08:00:00,4539,0,2016-12-12
None,251.08,0.0,0.0,5,Clear,sky is clear,2016-12-13 08:00:00,5670,0,2016-12-13
None,258.29,0.0,0.0,20,Clouds,few clouds,2016-12-14 08:00:00,5599,0,2016-12-14
None,250.02,0.0,0.0,40,Clouds,scattered clouds,2016-12-15 08:00:00,5595,0,2016-12-15
None,259.79,0.0,0.0,90,Snow,light snow,2016-12-16 08:00:00,4718,0,2016-12-16
None,260.01,0.0,0.0,90,Snow,light snow,2016-12-16 08:00:00,4718,0,2016-12-16
None,257.95,0.0,0.0,90,Snow,light snow,2016-12-17 08:00:00,1488,1,2016-12-17
None,243.39,0.0,0.0,1,Haze,haze,2016-12-18 08:00:00,1462,1,2016-12-18
None,261.15,0.0,0.0,40,Clouds,scattered clouds,2016-12-19 08:00:00,5278,0,2016-12-19
None,273.35,0.0,0.0,1,Clear,sky is clear,2016-12-20 08:00:00,5701,0,2016-12-20
None,273.22,0.0,0.0,40,Clouds,scattered clouds,2016-12-21 08:00:00,5459,0,2016-12-21
None,266.71,0.0,0.0,1,Clear,sky is clear,2016-12-22 08:00:00,4865,0,2016-12-22
None,273.65,0.0,0.0,75,Clouds,broken clouds,2016-12-23 08:00:00,3460,0,2016-12-23
None,273.65,0.0,0.0,90,Mist,mist,2016-12-24 08:00:00,1791,1,2016-12-24
None,273.65,0.0,0.0,90,Mist,mist,2016-12-25 08:00:00,754,1,2016-12-25
None,269.29,0.0,0.0,90,Snow,light snow,2016-12-26 08:00:00,1364,0,2016-12-26
None,265.41,0.0,0.0,90,Snow,light snow,2016-12-27 08:00:00,4053,0,2016-12-27
None,269.22,0.0,0.0,40,Clouds,scattered clouds,2016-12-28 08:00:00,4423,0,2016-12-28
None,272.02,0.0,0.0,90,Snow,light snow,2016-12-29 08:00:00,4382,0,2016-12-29
None,265.62,0.0,0.0,90,Clouds,overcast clouds,2016-12-30 08:00:00,4116,0,2016-12-30
None,267.29,0.0,0.0,75,Clouds,broken clouds,2016-12-31 08:00:00,1384,1,2016-12-31
None,267.9,0.0,0.0,1,Clear,sky is clear,2017-01-01 08:00:00,1284,1,2017-01-01
None,270.88,0.0,0.0,90,Clouds,overcast clouds,2017-01-02 08:00:00,2014,0,2017-01-02
None,268.72,0.0,0.0,90,Clouds,overcast clouds,2017-01-03 08:00:00,5338,0,2017-01-03
None,252.08,0.0,0.0,20,Haze,haze,2017-01-04 08:00:00,5626,0,2017-01-04
None,250.84,0.0,0.0,1,Mist,mist,2017-01-05 08:00:00,6091,0,2017-01-05
None,249.15,0.0,0.0,1,Clear,sky is clear,2017-01-06 08:00:00,5416,0,2017-01-06
None,254.53,0.0,0.0,40,Clouds,scattered clouds,2017-01-07 08:00:00,2653,1,2017-01-07
None,252.22,0.0,0.0,1,Snow,light snow,2017-01-08 08:00:00,1807,1,2017-01-08
None,264.53,0.0,0.0,90,Clouds,overcast clouds,2017-01-09 08:00:00,5885,0,2017-01-09
None,270.22,0.0,0.0,90,Snow,heavy snow,2017-01-10 08:00:00,3404,0,2017-01-10
None,258.42,0.0,0.0,90,Snow,light snow,2017-01-11 08:00:00,4082,0,2017-01-11
None,257.95,0.0,0.0,90,Clouds,overcast clouds,2017-01-12 08:00:00,5541,0,2017-01-12
None,250.56,0.0,0.0,75,Clouds,broken clouds,2017-01-13 08:00:00,5549,0,2017-01-13
None,257.23,0.0,0.0,1,Clear,sky is clear,2017-01-14 08:00:00,2162,1,2017-01-14
None,254.89,0.0,0.0,1,Mist,mist,2017-01-15 08:00:00,1502,1,2017-01-15
None,261.23,0.0,0.0,1,Mist,mist,2017-01-16 08:00:00,3716,0,2017-01-16
None,271.89,0.0,0.0,90,Mist,mist,2017-01-17 08:00:00,4927,0,2017-01-17
None,271.15,0.0,0.0,20,Haze,haze,2017-01-18 08:00:00,5736,0,2017-01-18
None,272.79,0.0,0.0,5,Mist,mist,2017-01-19 08:00:00,5355,0,2017-01-19
None,275.08,0.0,0.0,90,Drizzle,drizzle,2017-01-20 08:00:00,5728,0,2017-01-20
None,274.87,0.0,0.0,90,Mist,mist,2017-01-21 08:00:00,2946,1,2017-01-21
None,274.59,0.0,0.0,90,Mist,mist,2017-01-22 08:00:00,2274,1,2017-01-22
None,274.08,0.0,0.0,90,Drizzle,light intensity drizzle,2017-01-23 08:00:00,5619,0,2017-01-23
None,273.08,0.0,0.0,90,Clouds,overcast clouds,2017-01-24 08:00:00,5606,0,2017-01-24
None,270.675,0.0,0.0,92,Clouds,overcast clouds,2017-01-25 08:00:00,5103,0,2017-01-25
None,270.55,0.0,0.0,90,Clouds,overcast clouds,2017-01-26 08:00:00,5830,0,2017-01-26
None,265.72,0.0,0.0,90,Clouds,overcast clouds,2017-01-27 08:00:00,5802,0,2017-01-27
None,269.81,0.0,0.0,90,Haze,haze,2017-01-28 08:00:00,2984,1,2017-01-28
None,269.29,0.0,0.0,90,Snow,light snow,2017-01-29 08:00:00,1919,1,2017-01-29
None,267.48,0.0,0.0,90,Snow,light snow,2017-01-30 08:00:00,3998,0,2017-01-30
None,274.08,0.0,0.0,75,Clouds,broken clouds,2017-01-31 08:00:00,5655,0,2017-01-31
None,261.99,0.0,0.0,1,Snow,light snow,2017-02-01 08:00:00,5890,0,2017-02-01
None,259.22,0.0,0.0,5,Clear,sky is clear,2017-02-02 08:00:00,6013,0,2017-02-02
None,258.44,0.0,0.0,1,Clear,sky is clear,2017-02-03 08:00:00,5861,0,2017-02-03
None,266.84,0.0,0.0,75,Clouds,broken clouds,2017-02-04 08:00:00,2121,1,2017-02-04
None,265.15,0.0,0.0,5,Clear,sky is clear,2017-02-05 08:00:00,1907,1,2017-02-05
None,264.53,0.0,0.0,1,Clear,sky is clear,2017-02-06 08:00:00,5779,0,2017-02-06
None,269.84,0.0,0.0,90,Mist,mist,2017-02-07 08:00:00,5059,0,2017-02-07
None,255.09,0.0,0.0,40,Clouds,scattered clouds,2017-02-08 08:00:00,6115,0,2017-02-08
None,256.02,0.0,0.0,5,Clear,sky is clear,2017-02-09 08:00:00,5886,0,2017-02-09
None,267.61,0.0,0.0,1,Clear,sky is clear,2017-02-10 08:00:00,5710,0,2017-02-10
None,274.76,0.0,0.0,90,Clouds,overcast clouds,2017-02-11 08:00:00,2098,1,2017-02-11
None,271.35,0.0,0.0,1,Clear,sky is clear,2017-02-12 08:00:00,1789,1,2017-02-12
None,271.02,0.0,0.0,1,Clear,sky is clear,2017-02-13 08:00:00,6255,0,2017-02-13
None,272.061,0.0,0.0,24,Clouds,few clouds,2017-02-14 08:00:00,6003,0,2017-02-14
None,264.896,0.0,0.0,8,Clear,sky is clear,2017-02-15 08:00:00,6036,0,2017-02-15
None,270.471,0.0,0.0,20,Clouds,few clouds,2017-02-16 08:00:00,6137,0,2017-02-16
None,275.153,0.0,0.0,0,Clear,Sky is Clear,2017-02-17 08:00:00,5960,0,2017-02-17
None,274.941,0.0,0.0,0,Clear,Sky is Clear,2017-02-18 08:00:00,3050,1,2017-02-18
None,277.671,0.0,0.0,64,Clouds,broken clouds,2017-02-19 08:00:00,2001,1,2017-02-19
None,286.832,0.0,0.0,88,Clouds,overcast clouds,2017-02-20 08:00:00,4929,0,2017-02-20
None,275.68,0.0,0.0,90,Mist,mist,2017-02-22 08:00:00,5732,0,2017-02-22
None,272.15,0.0,0.0,75,Clouds,broken clouds,2017-02-23 08:00:00,6383,0,2017-02-23
None,269.49,0.0,0.0,90,Snow,light snow,2017-02-24 08:00:00,5201,0,2017-02-24
None,263.4,0.0,0.0,1,Clear,sky is clear,2017-02-25 08:00:00,2985,1,2017-02-25
None,268.81,0.0,0.0,75,Clouds,broken clouds,2017-02-26 08:00:00,2591,1,2017-02-26
None,268.95,0.0,0.0,40,Clouds,scattered clouds,2017-02-27 08:00:00,6085,0,2017-02-27
None,275.75,0.0,0.0,90,Clouds,overcast clouds,2017-02-28 08:00:00,6301,0,2017-02-28
None,270.15,0.0,0.0,90,Snow,light snow,2017-03-01 08:00:00,3997,0,2017-03-01
None,264.94,0.0,0.0,1,Clear,sky is clear,2017-03-02 08:00:00,6031,0,2017-03-02
None,262.08,0.0,0.0,40,Clouds,scattered clouds,2017-03-03 08:00:00,5874,0,2017-03-03
None,269.96,0.0,0.0,20,Clouds,few clouds,2017-03-04 08:00:00,2431,1,2017-03-04
None,277.65,0.0,0.0,40,Clouds,scattered clouds,2017-03-05 08:00:00,2100,1,2017-03-05
None,283.93,0.0,0.0,90,Mist,mist,2017-03-06 08:00:00,5931,0,2017-03-06
None,271.82,0.0,0.0,1,Clear,sky is clear,2017-03-07 08:00:00,6441,0,2017-03-07
None,268.31,0.0,0.0,40,Snow,light snow,2017-03-08 08:00:00,6134,0,2017-03-08
None,268.14,0.0,0.0,90,Clouds,overcast clouds,2017-03-09 08:00:00,6327,0,2017-03-09
None,258.22,0.0,0.0,1,Clear,sky is clear,2017-03-10 08:00:00,5831,0,2017-03-10
None,260.08,0.0,0.0,90,Clouds,overcast clouds,2017-03-11 08:00:00,3346,1,2017-03-11
None,262.15,0.0,0.0,40,Clouds,scattered clouds,2017-03-12 08:00:00,1758,1,2017-03-12
None,262.68,0.0,0.0,1,Clear,sky is clear,2017-03-13 08:00:00,4699,0,2017-03-13
None,258.55,0.0,0.0,1,Clear,sky is clear,2017-03-14 08:00:00,6007,0,2017-03-14
None,261.03,0.0,0.0,1,Clear,sky is clear,2017-03-15 08:00:00,5656,0,2017-03-15
None,267.83,0.0,0.0,1,Clear,sky is clear,2017-03-16 08:00:00,6166,0,2017-03-16
None,272.68,0.0,0.0,90,Mist,mist,2017-03-17 08:00:00,5538,0,2017-03-17
None,272.08,0.0,0.0,90,Clouds,overcast clouds,2017-03-18 08:00:00,3110,1,2017-03-18
None,272.65,0.0,0.0,1,Clear,sky is clear,2017-03-19 08:00:00,2025,1,2017-03-19
None,278.62,0.0,0.0,90,Clouds,overcast clouds,2017-03-20 08:00:00,5921,0,2017-03-20
None,270.44,0.0,0.0,1,Clear,sky is clear,2017-03-21 08:00:00,6345,0,2017-03-21
None,266.22,0.0,0.0,5,Clear,sky is clear,2017-03-22 08:00:00,6240,0,2017-03-22
None,275.75,0.0,0.0,90,Clouds,overcast clouds,2017-03-23 08:00:00,6380,0,2017-03-23
None,275.84,0.0,0.0,90,Mist,mist,2017-03-24 08:00:00,5803,0,2017-03-24
None,275.62,0.0,0.0,90,Clouds,overcast clouds,2017-03-25 08:00:00,2510,1,2017-03-25
None,275.02,0.0,0.0,90,Mist,mist,2017-03-26 08:00:00,1919,1,2017-03-26
None,275.72,0.0,0.0,90,Fog,fog,2017-03-27 08:00:00,6138,0,2017-03-27
None,272.65,0.0,0.0,5,Fog,fog,2017-03-28 08:00:00,6214,0,2017-03-28
None,276.01,0.0,0.0,90,Clouds,overcast clouds,2017-03-29 08:00:00,6312,0,2017-03-29
None,276.48,0.0,0.0,90,Clouds,overcast clouds,2017-03-30 08:00:00,6098,0,2017-03-30
None,273.52,0.0,0.0,40,Clouds,scattered clouds,2017-03-31 08:00:00,5944,0,2017-03-31
None,273.09,0.0,0.0,1,Clear,sky is clear,2017-04-01 08:00:00,3032,1,2017-04-01
None,279.02,0.0,0.0,75,Drizzle,drizzle,2017-04-02 08:00:00,2329,1,2017-04-02
None,281.21,0.0,0.0,90,Mist,mist,2017-04-03 08:00:00,5958,0,2017-04-03
None,279.48,0.0,0.0,1,Mist,mist,2017-04-04 08:00:00,6228,0,2017-04-04
None,277.4,0.0,0.0,90,Clouds,overcast clouds,2017-04-05 08:00:00,6485,0,2017-04-05
None,275.15,0.0,0.0,1,Clear,sky is clear,2017-04-06 08:00:00,6019,0,2017-04-06
None,280.77,0.0,0.0,1,Clear,sky is clear,2017-04-08 08:00:00,3126,1,2017-04-08
None,282.85,0.0,0.0,90,Clouds,overcast clouds,2017-04-09 08:00:00,1938,1,2017-04-09
None,279.95,0.0,0.0,75,Clouds,broken clouds,2017-04-10 08:00:00,6139,0,2017-04-10
None,273.88,0.0,0.0,90,Clouds,overcast clouds,2017-04-11 08:00:00,5665,0,2017-04-11
None,278.75,0.0,0.0,90,Rain,light rain,2017-04-12 08:00:00,6377,0,2017-04-12
None,282.08,0.0,0.0,75,Clouds,broken clouds,2017-04-14 08:00:00,5150,0,2017-04-14
None,287.75,0.0,0.0,90,Rain,moderate rain,2017-04-15 08:00:00,2536,1,2017-04-15
None,281.42,0.0,0.0,5,Clear,sky is clear,2017-04-16 08:00:00,1836,1,2017-04-16
None,279.69,0.0,0.0,40,Clouds,scattered clouds,2017-04-17 08:00:00,6166,0,2017-04-17
None,283.55,0.0,0.0,90,Rain,moderate rain,2017-04-18 08:00:00,5330,0,2017-04-18
None,279.62,0.0,0.0,90,Clouds,overcast clouds,2017-04-19 08:00:00,5889,0,2017-04-19
None,277.82,0.0,0.0,90,Drizzle,drizzle,2017-04-20 08:00:00,5858,0,2017-04-20
None,275.96,0.0,0.0,5,Mist,mist,2017-04-21 08:00:00,6237,0,2017-04-21
None,277.28,0.0,0.0,1,Clear,sky is clear,2017-04-22 08:00:00,3660,1,2017-04-22
None,281.75,0.0,0.0,75,Clouds,broken clouds,2017-04-23 08:00:00,2159,1,2017-04-23
None,283.74,0.0,0.0,1,Clear,sky is clear,2017-04-24 08:00:00,6369,0,2017-04-24
None,285.29,0.0,0.0,75,Mist,mist,2017-04-25 08:00:00,6318,0,2017-04-25
None,275.37,0.0,0.0,90,Rain,moderate rain,2017-04-26 08:00:00,5335,0,2017-04-26
None,273.42,0.0,0.0,90,Snow,light snow,2017-04-27 08:00:00,5826,0,2017-04-27
None,275.35,0.0,0.0,5,Clear,sky is clear,2017-04-28 08:00:00,6092,0,2017-04-28
None,276.48,0.0,0.0,1,Clear,sky is clear,2017-04-29 08:00:00,3622,1,2017-04-29
None,278.82,0.0,0.0,90,Drizzle,drizzle,2017-04-30 08:00:00,2104,1,2017-04-30
None,276.08,0.0,0.0,90,Rain,light rain,2017-05-01 08:00:00,5933,0,2017-05-01
None,279.08,0.0,0.0,40,Clouds,scattered clouds,2017-05-02 08:00:00,6089,0,2017-05-02
None,280.86,0.0,0.0,1,Clear,sky is clear,2017-05-03 08:00:00,4922,0,2017-05-03
None,281.95,0.0,0.0,5,Clear,sky is clear,2017-05-04 08:00:00,5847,0,2017-05-04
None,280.95,0.0,0.0,1,Fog,fog,2017-05-05 08:00:00,5868,0,2017-05-05
None,280.48,0.0,0.0,1,Clear,sky is clear,2017-05-06 08:00:00,3565,1,2017-05-06
None,282.35,0.0,0.0,90,Clouds,overcast clouds,2017-05-07 08:00:00,2268,1,2017-05-07
None,281.41,0.0,0.0,1,Clear,sky is clear,2017-05-08 08:00:00,5729,0,2017-05-08
None,283.72,0.0,0.0,20,Mist,mist,2017-05-09 08:00:00,6158,0,2017-05-09
None,285.34,0.0,0.0,75,Clouds,broken clouds,2017-05-10 08:00:00,5847,0,2017-05-10
None,282.3,0.0,0.0,1,Clear,sky is clear,2017-05-11 08:00:00,5778,0,2017-05-11
None,282.4,0.0,0.0,20,Clouds,few clouds,2017-05-12 08:00:00,5604,0,2017-05-12
None,286.29,0.0,0.0,5,Clear,sky is clear,2017-05-13 08:00:00,3251,1,2017-05-13
None,286.79,0.0,0.0,1,Clear,sky is clear,2017-05-14 08:00:00,2271,1,2017-05-14
None,288.82,0.0,0.0,1,Clear,sky is clear,2017-05-15 08:00:00,5836,0,2017-05-15
None,289.96,0.0,0.0,90,Rain,light rain,2017-05-16 08:00:00,5490,0,2017-05-16
None,289.75,0.0,0.0,90,Rain,light rain,2017-05-17 08:00:00,5822,0,2017-05-17
None,281.83,0.0,0.0,90,Rain,moderate rain,2017-05-18 08:00:00,6156,0,2017-05-18
None,279.48,0.0,0.0,90,Clouds,overcast clouds,2017-05-19 08:00:00,4695,0,2017-05-19
None,280.75,0.0,0.0,90,Rain,moderate rain,2017-05-20 08:00:00,2994,1,2017-05-20
None,282.49,0.0,0.0,90,Mist,mist,2017-05-21 08:00:00,1970,1,2017-05-21
None,281.86,0.0,0.0,40,Clouds,scattered clouds,2017-05-22 08:00:00,6030,0,2017-05-22
None,282.82,0.0,0.0,90,Rain,light rain,2017-05-23 08:00:00,5968,0,2017-05-23
None,282.08,0.0,0.0,90,Clouds,overcast clouds,2017-05-24 08:00:00,6042,0,2017-05-24
None,284.28,0.0,0.0,1,Clear,sky is clear,2017-05-25 08:00:00,5277,0,2017-05-25
None,289.61,0.0,0.0,90,Clouds,overcast clouds,2017-05-26 08:00:00,5118,0,2017-05-26
None,287.33,0.0,0.0,40,Clouds,scattered clouds,2017-05-27 08:00:00,1968,1,2017-05-27
None,287.95,0.0,0.0,1,Clear,sky is clear,2017-05-28 08:00:00,1888,1,2017-05-28
None,285.68,0.0,0.0,90,Clouds,overcast clouds,2017-05-29 08:00:00,1735,0,2017-05-29
None,284.75,0.0,0.0,90,Clouds,overcast clouds,2017-05-30 08:00:00,5858,0,2017-05-30
None,284.68,0.0,0.0,40,Clouds,scattered clouds,2017-05-31 08:00:00,5895,0,2017-05-31
None,284.39,0.0,0.0,5,Clear,sky is clear,2017-06-01 08:00:00,5949,0,2017-06-01
None,289.78,0.0,0.0,20,Clouds,few clouds,2017-06-02 08:00:00,5570,0,2017-06-02
None,296.68,0.0,0.0,1,Clear,sky is clear,2017-06-03 08:00:00,2505,1,2017-06-03
None,291.33,0.0,0.0,5,Clear,sky is clear,2017-06-04 08:00:00,2387,1,2017-06-04
None,288.88,0.0,0.0,1,Clear,sky is clear,2017-06-05 08:00:00,6051,0,2017-06-05
None,288.28,0.0,0.0,5,Clear,sky is clear,2017-06-06 08:00:00,5771,0,2017-06-06
None,290.87,0.0,0.0,75,Clouds,broken clouds,2017-06-07 08:00:00,6009,0,2017-06-07
None,293.22,0.0,0.0,40,Clouds,scattered clouds,2017-06-08 08:00:00,6160,0,2017-06-08
None,291.34,0.0,0.0,5,Clear,sky is clear,2017-06-09 08:00:00,5457,0,2017-06-09
None,297.51,0.0,0.0,1,Clear,sky is clear,2017-06-10 08:00:00,2929,1,2017-06-10
None,295.69,0.0,0.0,20,Thunderstorm,proximity thunderstorm,2017-06-11 08:00:00,1568,1,2017-06-11
None,291.21,0.0,0.0,20,Mist,mist,2017-06-12 08:00:00,5716,0,2017-06-12
None,293.41,0.0,0.0,40,Rain,light rain,2017-06-13 08:00:00,5855,0,2017-06-13
None,292.75,0.0,0.0,75,Rain,light rain,2017-06-14 08:00:00,5629,0,2017-06-14
None,293.61,0.0,0.0,5,Clear,sky is clear,2017-06-15 08:00:00,5945,0,2017-06-15
None,293.02,0.0,0.0,75,Clouds,broken clouds,2017-06-16 08:00:00,5351,0,2017-06-16
None,292.36,0.0,0.0,1,Clear,sky is clear,2017-06-17 08:00:00,2782,1,2017-06-17
None,289.41,0.0,0.0,75,Clouds,broken clouds,2017-06-18 08:00:00,1868,1,2017-06-18
None,289.62,0.0,0.0,40,Clouds,scattered clouds,2017-06-19 08:00:00,5328,0,2017-06-19
None,288.01,0.0,0.0,75,Rain,light rain,2017-06-20 08:00:00,6019,0,2017-06-20
None,289.86,0.0,0.0,40,Clouds,scattered clouds,2017-06-21 08:00:00,6047,0,2017-06-21
None,292.96,0.0,0.0,90,Rain,light rain,2017-06-22 08:00:00,6044,0,2017-06-22
None,289.62,0.0,0.0,5,Clear,sky is clear,2017-06-23 08:00:00,5669,0,2017-06-23
None,285.95,0.0,0.0,1,Clear,sky is clear,2017-06-24 08:00:00,3141,1,2017-06-24
None,285.79,0.0,0.0,90,Clouds,overcast clouds,2017-06-25 08:00:00,2284,1,2017-06-25
None,284.84,0.0,0.0,5,Clear,sky is clear,2017-06-26 08:00:00,5612,0,2017-06-26
None,286.54,0.0,0.0,1,Clear,sky is clear,2017-06-27 08:00:00,5857,0,2017-06-27
None,290.55,0.0,0.0,90,Rain,moderate rain,2017-06-28 08:00:00,5203,0,2017-06-28
None,291.35,0.0,0.0,90,Mist,mist,2017-06-29 08:00:00,5679,0,2017-06-29
None,290.15,0.0,0.0,1,Clear,sky is clear,2017-06-30 08:00:00,4940,0,2017-06-30
None,290.22,0.0,0.0,40,Clouds,scattered clouds,2017-07-01 08:00:00,2649,1,2017-07-01
None,290.41,0.0,0.0,1,Clear,sky is clear,2017-07-03 08:00:00,3356,0,2017-07-03
None,293.42,0.0,0.0,1,Clear,sky is clear,2017-07-04 08:00:00,1333,0,2017-07-04
None,295.65,0.0,0.0,1,Rain,moderate rain,2017-07-05 08:00:00,5038,0,2017-07-05
None,295.55,0.0,0.0,40,Thunderstorm,proximity thunderstorm,2017-07-06 08:00:00,5356,0,2017-07-06
None,293.08,0.0,0.0,1,Clear,sky is clear,2017-07-07 08:00:00,5251,0,2017-07-07
None,290.09,0.0,0.0,1,Clear,sky is clear,2017-07-08 08:00:00,2547,1,2017-07-08
None,292.22,0.0,0.0,40,Rain,light rain,2017-07-09 08:00:00,2043,1,2017-07-09
None,292.72,0.0,0.0,90,Clouds,overcast clouds,2017-07-10 08:00:00,5827,0,2017-07-10
None,292.15,0.0,0.0,5,Clear,sky is clear,2017-07-11 08:00:00,5788,0,2017-07-11
None,294.82,0.0,0.0,40,Clouds,scattered clouds,2017-07-12 08:00:00,6098,0,2017-07-12
None,286.92,0.0,0.0,90,Clouds,overcast clouds,2017-07-13 08:00:00,6026,0,2017-07-13
None,289.08,0.0,0.0,90,Clouds,overcast clouds,2017-07-14 08:00:00,5772,0,2017-07-14
None,292.29,0.0,0.0,1,Clear,sky is clear,2017-07-15 08:00:00,2980,1,2017-07-15
None,292.69,0.0,0.0,1,Clear,sky is clear,2017-07-16 08:00:00,2021,1,2017-07-16
None,294.15,0.0,0.0,75,Mist,mist,2017-07-17 08:00:00,5771,0,2017-07-17
None,296.62,0.0,0.0,75,Clouds,broken clouds,2017-07-18 08:00:00,6128,0,2017-07-18
None,292.53,0.0,0.0,20,Haze,haze,2017-07-19 08:00:00,5899,0,2017-07-19
None,293.15,0.0,0.0,75,Mist,mist,2017-07-20 08:00:00,6317,0,2017-07-20
None,294.51,0.0,0.0,75,Mist,mist,2017-07-21 08:00:00,5379,0,2017-07-21
None,293.75,0.0,0.0,1,Clear,sky is clear,2017-07-22 08:00:00,2570,1,2017-07-22
None,292.75,0.0,0.0,20,Clouds,few clouds,2017-07-23 08:00:00,1822,1,2017-07-23
None,289.01,0.0,0.0,5,Clear,sky is clear,2017-07-24 08:00:00,5927,0,2017-07-24
None,292.28,0.0,0.0,90,Rain,light rain,2017-07-25 08:00:00,5865,0,2017-07-25
None,294.92,0.0,0.0,90,Rain,moderate rain,2017-07-26 08:00:00,6013,0,2017-07-26
None,292.27,0.0,0.0,5,Clear,sky is clear,2017-07-27 08:00:00,6096,0,2017-07-27
None,291.41,0.0,0.0,40,Clouds,scattered clouds,2017-07-28 08:00:00,5370,0,2017-07-28
None,290.81,0.0,0.0,20,Clouds,few clouds,2017-07-29 08:00:00,2373,1,2017-07-29
None,291.22,0.0,0.0,1,Clear,sky is clear,2017-07-30 08:00:00,1911,1,2017-07-30
None,292.74,0.0,0.0,40,Clouds,scattered clouds,2017-07-31 08:00:00,5631,0,2017-07-31
None,292.53,0.0,0.0,1,Clear,sky is clear,2017-08-01 08:00:00,6052,0,2017-08-01
None,291.43,0.0,0.0,40,Clouds,scattered clouds,2017-08-02 08:00:00,6029,0,2017-08-02
None,288.14,0.0,0.0,90,Rain,heavy intensity rain,2017-08-03 08:00:00,5423,0,2017-08-03
None,286.15,0.0,0.0,40,Clouds,scattered clouds,2017-08-04 08:00:00,5350,0,2017-08-04
None,286.22,0.0,0.0,1,Clear,sky is clear,2017-08-05 08:00:00,2647,1,2017-08-05
None,289.15,0.0,0.0,75,Mist,mist,2017-08-06 08:00:00,2002,1,2017-08-06
None,287.29,0.0,0.0,5,Fog,fog,2017-08-07 08:00:00,6073,0,2017-08-07
None,289.57,0.0,0.0,5,Clear,sky is clear,2017-08-08 08:00:00,6113,0,2017-08-08
None,290.48,0.0,0.0,75,Clouds,broken clouds,2017-08-09 08:00:00,6205,0,2017-08-09
None,289.72,0.0,0.0,75,Mist,mist,2017-08-10 08:00:00,6052,0,2017-08-10
None,287.5,0.0,0.0,90,Mist,mist,2017-08-11 08:00:00,5367,0,2017-08-11
None,286.55,0.0,0.0,1,Clear,sky is clear,2017-08-12 08:00:00,2679,1,2017-08-12
None,289.22,0.0,0.0,40,Drizzle,light intensity drizzle,2017-08-13 08:00:00,1706,1,2017-08-13
None,289.95,0.0,0.0,40,Mist,mist,2017-08-14 08:00:00,5970,0,2017-08-14
None,287.48,0.0,0.0,20,Fog,fog,2017-08-15 08:00:00,6088,0,2017-08-15
None,291.37,0.0,0.0,90,Rain,moderate rain,2017-08-16 08:00:00,6165,0,2017-08-16
None,291.94,0.0,0.0,90,Rain,moderate rain,2017-08-17 08:00:00,5990,0,2017-08-17
None,289.22,0.0,0.0,1,Mist,mist,2017-08-18 08:00:00,5440,0,2017-08-18
None,287.61,0.0,0.0,20,Mist,mist,2017-08-19 08:00:00,2710,1,2017-08-19
None,291.86,0.0,0.0,75,Clouds,broken clouds,2017-08-20 08:00:00,1929,1,2017-08-20
None,291.15,0.0,0.0,90,Thunderstorm,proximity thunderstorm,2017-08-21 08:00:00,5713,0,2017-08-21
None,288.35,0.0,0.0,1,Clear,sky is clear,2017-08-22 08:00:00,5760,0,2017-08-22
None,285.55,0.0,0.0,5,Clear,sky is clear,2017-08-23 08:00:00,6180,0,2017-08-23
None,286.88,0.0,0.0,75,Clouds,broken clouds,2017-08-24 08:00:00,6266,0,2017-08-24
None,287.95,0.0,0.0,90,Rain,moderate rain,2017-08-25 08:00:00,5842,0,2017-08-25
None,288.94,0.0,0.0,90,Rain,moderate rain,2017-08-26 08:00:00,3029,1,2017-08-26
None,290.51,0.0,0.0,90,Mist,mist,2017-08-27 08:00:00,2480,1,2017-08-27
None,289.41,0.0,0.0,75,Clouds,broken clouds,2017-08-28 08:00:00,6340,0,2017-08-28
None,286.65,0.0,0.0,40,Fog,fog,2017-08-29 08:00:00,6259,0,2017-08-29
None,289.94,0.0,0.0,5,Clear,sky is clear,2017-08-30 08:00:00,6079,0,2017-08-30
None,285.87,0.0,0.0,5,Mist,mist,2017-08-31 08:00:00,6209,0,2017-08-31
None,284.72,0.0,0.0,75,Mist,mist,2017-09-01 08:00:00,5950,0,2017-09-01
None,290.29,0.0,0.0,90,Rain,moderate rain,2017-09-02 08:00:00,3064,1,2017-09-02
None,287.83,0.0,0.0,1,Clear,sky is clear,2017-09-03 08:00:00,2667,1,2017-09-03
None,288.81,0.0,0.0,75,Clouds,broken clouds,2017-09-04 08:00:00,1974,0,2017-09-04
None,283.74,0.0,0.0,40,Clouds,scattered clouds,2017-09-05 08:00:00,6267,0,2017-09-05
None,282.42,0.0,0.0,1,Clear,sky is clear,2017-09-06 08:00:00,5848,0,2017-09-06
None,282.87,0.0,0.0,90,Clouds,overcast clouds,2017-09-07 08:00:00,6302,0,2017-09-07
None,283.35,0.0,0.0,5,Clear,sky is clear,2017-09-08 08:00:00,6232,0,2017-09-08
None,284.76,0.0,0.0,1,Clear,sky is clear,2017-09-09 08:00:00,3088,1,2017-09-09
None,289.5,0.0,0.0,90,Clouds,overcast clouds,2017-09-10 08:00:00,1948,1,2017-09-10
None,289.21,0.0,0.0,40,Clouds,scattered clouds,2017-09-11 08:00:00,5998,0,2017-09-11
None,287.74,0.0,0.0,1,Mist,mist,2017-09-12 08:00:00,5836,0,2017-09-12
None,290.79,0.0,0.0,20,Clouds,few clouds,2017-09-13 08:00:00,6034,0,2017-09-13
None,291.15,0.0,0.0,1,Mist,mist,2017-09-14 08:00:00,6122,0,2017-09-14
None,292.67,0.0,0.0,75,Clouds,broken clouds,2017-09-15 08:00:00,6039,0,2017-09-15
None,294.55,0.0,0.0,90,Rain,moderate rain,2017-09-16 08:00:00,3009,1,2017-09-16
None,283.28,0.0,0.0,1,Clear,sky is clear,2017-09-17 08:00:00,2065,1,2017-09-17
None,285.75,0.0,0.0,90,Rain,light rain,2017-09-18 08:00:00,5641,0,2017-09-18
None,288.86,0.0,0.0,75,Mist,mist,2017-09-19 08:00:00,6071,0,2017-09-19
None,293.49,0.0,0.0,20,Clouds,few clouds,2017-09-20 08:00:00,6260,0,2017-09-20
None,282.74,0.0,0.0,5,Mist,mist,2017-09-21 08:00:00,6143,0,2017-09-21
None,296.29,0.0,0.0,90,Rain,proximity shower rain,2017-09-22 08:00:00,5971,0,2017-09-22
None,295.65,0.0,0.0,75,Clouds,broken clouds,2017-09-23 08:00:00,3427,1,2017-09-23
None,293.38,0.0,0.0,40,Clouds,scattered clouds,2017-09-24 08:00:00,2302,1,2017-09-24
None,288.35,0.0,0.0,90,Rain,moderate rain,2017-09-25 08:00:00,6299,0,2017-09-25
None,287.07,0.0,0.0,90,Rain,moderate rain,2017-09-26 08:00:00,6261,0,2017-09-26
None,281.55,0.0,0.0,20,Clouds,few clouds,2017-09-27 08:00:00,5930,0,2017-09-27
None,284.43,0.0,0.0,75,Clouds,broken clouds,2017-09-28 08:00:00,6284,0,2017-09-28
None,280.68,0.0,0.0,5,Clear,sky is clear,2017-09-29 08:00:00,6094,0,2017-09-29
None,279.55,0.0,0.0,5,Mist,mist,2017-09-30 08:00:00,3684,1,2017-09-30
None,286.37,0.0,0.0,90,Rain,light rain,2017-10-01 08:00:00,2403,1,2017-10-01
None,286.21,0.0,0.0,75,Clouds,broken clouds,2017-10-02 08:00:00,6054,0,2017-10-02
None,289.84,0.0,0.0,90,Rain,moderate rain,2017-10-03 08:00:00,5764,0,2017-10-03
None,280.15,0.0,0.0,1,Clear,sky is clear,2017-10-04 08:00:00,5836,0,2017-10-04
None,283.46,0.0,0.0,90,Rain,moderate rain,2017-10-05 08:00:00,4907,0,2017-10-05
None,281.43,0.0,0.0,75,Fog,fog,2017-10-06 08:00:00,5817,0,2017-10-06
None,285.15,0.0,0.0,90,Mist,mist,2017-10-07 08:00:00,3039,1,2017-10-07
None,283.01,0.0,0.0,40,Clouds,scattered clouds,2017-10-08 08:00:00,1960,1,2017-10-08
None,280.29,0.0,0.0,40,Clouds,scattered clouds,2017-10-09 08:00:00,5769,0,2017-10-09
None,273.28,0.0,0.0,5,Fog,fog,2017-10-10 08:00:00,5677,0,2017-10-10
None,275.22,0.0,0.0,5,Clear,sky is clear,2017-10-11 08:00:00,5859,0,2017-10-11
None,285.68,0.0,0.0,90,Drizzle,light intensity drizzle,2017-10-12 08:00:00,5900,0,2017-10-12
None,281.37,0.0,0.0,75,Clouds,broken clouds,2017-10-13 08:00:00,5840,0,2017-10-13
None,279.75,0.0,0.0,75,Clouds,broken clouds,2017-10-14 08:00:00,3047,1,2017-10-14
None,278.36,0.0,0.0,75,Clouds,broken clouds,2017-10-15 08:00:00,2323,1,2017-10-15
None,275.35,0.0,0.0,5,Mist,mist,2017-10-16 08:00:00,5887,0,2017-10-16
None,277.86,0.0,0.0,40,Clouds,scattered clouds,2017-10-17 08:00:00,5975,0,2017-10-17
None,283.01,0.0,0.0,40,Clouds,scattered clouds,2017-10-18 08:00:00,5111,0,2017-10-18
None,276.72,0.0,0.0,75,Clouds,broken clouds,2017-10-19 08:00:00,5508,0,2017-10-19
None,285.48,0.0,0.0,40,Clouds,scattered clouds,2017-10-20 08:00:00,5358,0,2017-10-20
None,289.16,0.0,0.0,90,Rain,moderate rain,2017-10-21 08:00:00,2651,1,2017-10-21
None,281.75,0.0,0.0,90,Clouds,overcast clouds,2017-10-22 08:00:00,1984,1,2017-10-22
None,282.48,0.0,0.0,75,Clouds,broken clouds,2017-10-23 08:00:00,6076,0,2017-10-23
None,278.22,0.0,0.0,75,Rain,light rain,2017-10-24 08:00:00,5929,0,2017-10-24
None,275.42,0.0,0.0,1,Clear,sky is clear,2017-10-25 08:00:00,5837,0,2017-10-25
None,281.76,0.0,0.0,75,Clouds,broken clouds,2017-10-26 08:00:00,5825,0,2017-10-26
None,274.22,0.0,0.0,90,Snow,light snow,2017-10-27 08:00:00,5159,0,2017-10-27
None,273.08,0.0,0.0,90,Clouds,overcast clouds,2017-10-28 08:00:00,2950,1,2017-10-28
None,273.08,0.0,0.0,90,Clouds,overcast clouds,2017-10-29 08:00:00,1840,1,2017-10-29
None,275.15,0.0,0.0,90,Snow,light snow,2017-10-30 08:00:00,5825,0,2017-10-30
None,271.41,0.0,0.0,90,Clouds,overcast clouds,2017-10-31 08:00:00,5890,0,2017-10-31
None,272.55,0.0,0.0,90,Clouds,overcast clouds,2017-11-01 08:00:00,6147,0,2017-11-01
None,275.28,0.0,0.0,75,Mist,mist,2017-11-02 08:00:00,5995,0,2017-11-02
None,270.01,0.0,0.0,1,Clear,sky is clear,2017-11-03 08:00:00,5784,0,2017-11-03
None,274.88,0.0,0.0,90,Mist,mist,2017-11-04 08:00:00,2790,1,2017-11-04
None,274.72,0.0,0.0,90,Clouds,overcast clouds,2017-11-05 08:00:00,2059,1,2017-11-05
None,267.68,0.0,0.0,75,Clouds,broken clouds,2017-11-06 08:00:00,5990,0,2017-11-06
None,270.51,0.0,0.0,75,Clouds,broken clouds,2017-11-07 08:00:00,6091,0,2017-11-07
None,270.15,0.0,0.0,1,Clear,sky is clear,2017-11-08 08:00:00,5926,0,2017-11-08
None,265.88,0.0,0.0,75,Snow,light snow,2017-11-09 08:00:00,5542,0,2017-11-09
None,262.28,0.0,0.0,1,Clear,sky is clear,2017-11-10 08:00:00,5593,0,2017-11-10
None,272.46,0.0,0.0,90,Clouds,overcast clouds,2017-11-11 08:00:00,3446,1,2017-11-11
None,269.21,0.0,0.0,75,Haze,haze,2017-11-12 08:00:00,2133,1,2017-11-12
None,270.36,0.0,0.0,75,Mist,mist,2017-11-13 08:00:00,6117,0,2017-11-13
None,277.22,0.0,0.0,90,Mist,mist,2017-11-14 08:00:00,5841,0,2017-11-14
None,276.68,0.0,0.0,75,Mist,mist,2017-11-15 08:00:00,6104,0,2017-11-15
None,271.02,0.0,0.0,90,Clouds,overcast clouds,2017-11-16 08:00:00,6029,0,2017-11-16
None,275.65,0.0,0.0,90,Drizzle,light intensity drizzle,2017-11-17 08:00:00,5344,0,2017-11-17
None,273.15,0.0,0.0,40,Clouds,scattered clouds,2017-11-18 08:00:00,3136,1,2017-11-18
None,264.79,0.0,0.0,1,Clear,sky is clear,2017-11-19 08:00:00,2214,1,2017-11-19
None,271.61,0.0,0.0,1,Clear,sky is clear,2017-11-20 08:00:00,5918,0,2017-11-20
None,269.55,0.0,0.0,75,Snow,light snow,2017-11-21 08:00:00,5932,0,2017-11-21
None,262.42,0.0,0.0,1,Clear,sky is clear,2017-11-22 08:00:00,5411,0,2017-11-22
None,266.75,0.0,0.0,5,Clear,sky is clear,2017-11-23 08:00:00,1267,0,2017-11-23
None,279.61,0.0,0.0,1,Clear,sky is clear,2017-11-24 08:00:00,2480,0,2017-11-24
None,273.28,0.0,0.0,1,Clear,sky is clear,2017-11-25 08:00:00,2133,1,2017-11-25
None,271.68,0.0,0.0,1,Clear,sky is clear,2017-11-26 08:00:00,1769,1,2017-11-26
None,275.61,0.0,0.0,75,Clouds,broken clouds,2017-11-27 08:00:00,5907,0,2017-11-27
None,279.42,0.0,0.0,75,Clouds,broken clouds,2017-11-28 08:00:00,6075,0,2017-11-28
None,267.79,0.0,0.0,40,Clouds,scattered clouds,2017-11-29 08:00:00,6020,0,2017-11-29
None,275.35,0.0,0.0,5,Clear,sky is clear,2017-11-30 08:00:00,5819,0,2017-11-30
None,272.65,0.0,0.0,75,Clouds,broken clouds,2017-12-01 08:00:00,5772,0,2017-12-01
None,269.41,0.0,0.0,20,Clouds,few clouds,2017-12-02 08:00:00,3343,1,2017-12-02
None,272.93,0.0,0.0,40,Clouds,scattered clouds,2017-12-03 08:00:00,1936,1,2017-12-03
None,284.02,0.0,0.0,90,Drizzle,drizzle,2017-12-04 08:00:00,5454,0,2017-12-04
None,264.72,0.0,0.0,75,Snow,light snow,2017-12-05 08:00:00,2160,0,2017-12-05
None,264.38,0.0,0.0,5,Clear,sky is clear,2017-12-06 08:00:00,5113,0,2017-12-06
None,259.43,0.0,0.0,40,Clouds,scattered clouds,2017-12-07 08:00:00,5509,0,2017-12-07
None,267.61,0.0,0.0,90,Clouds,overcast clouds,2017-12-08 08:00:00,5448,0,2017-12-08
None,266.36,0.0,0.0,90,Snow,light snow,2017-12-09 08:00:00,3024,1,2017-12-09
None,269.37,0.0,0.0,90,Clouds,overcast clouds,2017-12-10 08:00:00,1869,1,2017-12-10
None,271.75,0.0,0.0,90,Snow,snow,2017-12-11 08:00:00,4349,0,2017-12-11
None,258.51,0.0,0.0,40,Clouds,scattered clouds,2017-12-12 08:00:00,5709,0,2017-12-12
None,269.93,0.0,0.0,90,Snow,snow,2017-12-13 08:00:00,4696,0,2017-12-13
None,264.31,0.0,0.0,75,Snow,light snow,2017-12-14 08:00:00,5573,0,2017-12-14
None,267.41,0.0,0.0,90,Clouds,overcast clouds,2017-12-15 08:00:00,5600,0,2017-12-15
None,269.35,0.0,0.0,90,Mist,mist,2017-12-16 08:00:00,2603,1,2017-12-16
None,267.68,0.0,0.0,90,Mist,mist,2017-12-17 08:00:00,1994,1,2017-12-17
None,270.01,0.0,0.0,75,Mist,mist,2017-12-18 08:00:00,5039,0,2017-12-18
None,273.22,0.0,0.0,40,Clouds,scattered clouds,2017-12-19 08:00:00,5791,0,2017-12-19
None,265.36,0.0,0.0,90,Clouds,overcast clouds,2017-12-20 08:00:00,5694,0,2017-12-20
None,266.28,0.0,0.0,90,Clouds,overcast clouds,2017-12-21 08:00:00,5310,0,2017-12-21
None,265.75,0.0,0.0,90,Clouds,overcast clouds,2017-12-22 08:00:00,4509,0,2017-12-22
None,260.86,0.0,0.0,5,Clear,sky is clear,2017-12-23 08:00:00,2008,1,2017-12-23
None,264.99,0.0,0.0,90,Snow,light snow,2017-12-24 08:00:00,1477,1,2017-12-24
None,255.07,0.0,0.0,40,Haze,haze,2017-12-25 08:00:00,1260,0,2017-12-25
None,250.56,0.0,0.0,20,Clouds,few clouds,2017-12-26 08:00:00,2982,0,2017-12-26
None,249.3,0.0,0.0,5,Clear,sky is clear,2017-12-27 08:00:00,4124,0,2017-12-27
None,257.57,0.0,0.0,90,Snow,light snow,2017-12-28 08:00:00,2745,0,2017-12-28
None,254.53,0.0,0.0,90,Clouds,overcast clouds,2017-12-29 08:00:00,3897,0,2017-12-29
None,247.29,0.0,0.0,5,Clear,sky is clear,2017-12-30 08:00:00,1681,1,2017-12-30
None,246.36,0.0,0.0,5,Clear,sky is clear,2017-12-31 08:00:00,1319,1,2017-12-31
None,247.45,0.0,0.0,5,Clear,sky is clear,2018-01-01 08:00:00,811,0,2018-01-01
None,250.01,0.0,0.0,1,Clear,sky is clear,2018-01-02 08:00:00,4901,0,2018-01-02
None,255.43,0.0,0.0,5,Clear,sky is clear,2018-01-03 08:00:00,5398,0,2018-01-03
None,252.14,0.0,0.0,90,Clouds,overcast clouds,2018-01-04 08:00:00,4478,0,2018-01-04
None,248.79,0.0,0.0,5,Clear,sky is clear,2018-01-05 08:00:00,4742,0,2018-01-05
None,247.62,0.0,0.0,5,Haze,haze,2018-01-06 08:00:00,2487,1,2018-01-06
None,264.79,0.0,0.0,75,Clouds,broken clouds,2018-01-07 08:00:00,1695,1,2018-01-07
None,269.29,0.0,0.0,1,Clear,sky is clear,2018-01-08 08:00:00,5751,0,2018-01-08
None,272.79,0.0,0.0,75,Clouds,broken clouds,2018-01-09 08:00:00,5965,0,2018-01-09
None,274.95,0.0,0.0,90,Mist,mist,2018-01-10 08:00:00,5842,0,2018-01-10
None,263.84,0.0,0.0,90,Snow,light snow,2018-01-11 08:00:00,4475,0,2018-01-11
None,249.38,0.0,0.0,5,Clear,sky is clear,2018-01-12 08:00:00,4240,0,2018-01-12
None,248.23,0.0,0.0,5,Clear,sky is clear,2018-01-13 08:00:00,2582,1,2018-01-13
None,254.75,0.0,0.0,90,Clouds,overcast clouds,2018-01-14 08:00:00,1880,1,2018-01-14
None,257.68,0.0,0.0,90,Snow,light snow,2018-01-15 08:00:00,3231,0,2018-01-15
None,255.41,0.0,0.0,75,Snow,light snow,2018-01-16 08:00:00,5066,0,2018-01-16
None,257.01,0.0,0.0,40,Clouds,scattered clouds,2018-01-17 08:00:00,5345,0,2018-01-17
None,267.58,0.0,0.0,40,Clouds,scattered clouds,2018-01-18 08:00:00,5751,0,2018-01-18
None,272.02,0.0,0.0,90,Clouds,overcast clouds,2018-01-19 08:00:00,5673,0,2018-01-19
None,269.22,0.0,0.0,75,Clouds,broken clouds,2018-01-20 08:00:00,2838,1,2018-01-20
None,273.93,0.0,0.0,75,Mist,mist,2018-01-21 08:00:00,2056,1,2018-01-21
None,273.02,0.0,0.0,90,Snow,light snow,2018-01-22 08:00:00,4429,0,2018-01-22
None,265.62,0.0,0.0,90,Clouds,overcast clouds,2018-01-23 08:00:00,3196,0,2018-01-23
None,264.08,0.0,0.0,90,Snow,light snow,2018-01-24 08:00:00,5625,0,2018-01-24
None,269.15,0.0,0.0,90,Mist,mist,2018-01-25 08:00:00,5616,0,2018-01-25
None,276.15,0.0,0.0,75,Clouds,broken clouds,2018-01-26 08:00:00,5953,0,2018-01-26
None,268.58,0.0,0.0,5,Clear,sky is clear,2018-01-27 08:00:00,2848,1,2018-01-27
None,264.22,0.0,0.0,90,Snow,light snow,2018-01-28 08:00:00,2314,1,2018-01-28
None,256.65,0.0,0.0,1,Clear,sky is clear,2018-01-29 08:00:00,5438,0,2018-01-29
None,255.69,0.0,0.0,20,Snow,light snow,2018-01-30 08:00:00,5489,0,2018-01-30
None,269.35,0.0,0.0,1,Clear,sky is clear,2018-01-31 08:00:00,5155,0,2018-01-31
None,253.44,0.0,0.0,1,Clear,sky is clear,2018-02-01 08:00:00,5332,0,2018-02-01
None,250.16,0.0,0.0,1,Clear,sky is clear,2018-02-02 08:00:00,5149,0,2018-02-02
None,262.3,0.0,0.0,90,Snow,light snow,2018-02-03 08:00:00,2552,1,2018-02-03
None,252.42,0.0,0.0,1,Clear,sky is clear,2018-02-04 08:00:00,1857,1,2018-02-04
None,254.36,0.0,0.0,1,Clear,sky is clear,2018-02-05 08:00:00,6048,0,2018-02-05
None,249.23,0.0,0.0,5,Mist,mist,2018-02-06 08:00:00,5009,0,2018-02-06
None,253.55,0.0,0.0,5,Mist,mist,2018-02-07 08:00:00,4915,0,2018-02-07
None,255.01,0.0,0.0,40,Snow,light snow,2018-02-08 08:00:00,5395,0,2018-02-08
None,255.15,0.0,0.0,20,Clouds,few clouds,2018-02-09 08:00:00,5467,0,2018-02-09
None,253.68,0.0,0.0,5,Clear,sky is clear,2018-02-10 08:00:00,3115,1,2018-02-10
None,252.55,0.0,0.0,20,Clouds,few clouds,2018-02-11 08:00:00,2817,1,2018-02-11
None,253.86,0.0,0.0,75,Clouds,broken clouds,2018-02-12 08:00:00,5876,0,2018-02-12
None,261.93,0.0,0.0,40,Clouds,scattered clouds,2018-02-13 08:00:00,5915,0,2018-02-13
None,265.29,0.0,0.0,1,Mist,mist,2018-02-14 08:00:00,5572,0,2018-02-14
None,271.01,0.0,0.0,1,Clear,sky is clear,2018-02-15 08:00:00,5488,0,2018-02-15
None,255.22,0.0,0.0,5,Clear,sky is clear,2018-02-16 08:00:00,5589,0,2018-02-16
None,268.55,0.0,0.0,90,Snow,light snow,2018-02-17 08:00:00,2826,1,2018-02-17
None,267.75,0.0,0.0,90,Clouds,overcast clouds,2018-02-18 08:00:00,1889,1,2018-02-18
None,266.44,0.0,0.0,90,Clouds,overcast clouds,2018-02-19 08:00:00,3905,0,2018-02-19
None,266.15,0.0,0.0,90,Mist,mist,2018-02-20 08:00:00,4738,0,2018-02-20
None,255.55,0.0,0.0,5,Clear,sky is clear,2018-02-21 08:00:00,5638,0,2018-02-21
None,260.22,0.0,0.0,75,Clouds,broken clouds,2018-02-22 08:00:00,5837,0,2018-02-22
None,270.08,0.0,0.0,90,Mist,mist,2018-02-23 08:00:00,4595,0,2018-02-23
None,257.44,0.0,0.0,1,Fog,fog,2018-02-24 08:00:00,3018,1,2018-02-24
None,264.75,0.0,0.0,90,Clouds,overcast clouds,2018-02-25 08:00:00,1343,1,2018-02-25
None,263.91,0.0,0.0,5,Clear,sky is clear,2018-02-26 08:00:00,5602,0,2018-02-26
None,264.71,0.0,0.0,90,Mist,mist,2018-02-27 08:00:00,5876,0,2018-02-27
None,266.08,0.0,0.0,5,Mist,mist,2018-02-28 08:00:00,6007,0,2018-02-28
None,267.14,0.0,0.0,5,Clear,sky is clear,2018-03-01 08:00:00,5728,0,2018-03-01
None,261.94,0.0,0.0,75,Mist,mist,2018-03-02 08:00:00,5636,0,2018-03-02
None,275.36,0.0,0.0,75,Clouds,broken clouds,2018-03-03 08:00:00,3029,1,2018-03-03
None,274.65,0.0,0.0,90,Rain,light rain,2018-03-04 08:00:00,1840,1,2018-03-04
None,274.82,0.0,0.0,90,Snow,snow,2018-03-05 08:00:00,4211,0,2018-03-05
None,271.43,0.0,0.0,90,Snow,light snow,2018-03-06 08:00:00,4623,0,2018-03-06
None,263.21,0.0,0.0,75,Mist,mist,2018-03-07 08:00:00,5896,0,2018-03-07
None,260.48,0.0,0.0,5,Clear,sky is clear,2018-03-08 08:00:00,6042,0,2018-03-08
None,262.55,0.0,0.0,1,Mist,mist,2018-03-09 08:00:00,5947,0,2018-03-09
None,269.44,0.0,0.0,90,Clouds,overcast clouds,2018-03-10 08:00:00,3100,1,2018-03-10
None,272.51,0.0,0.0,90,Snow,light snow,2018-03-11 08:00:00,1607,1,2018-03-11
None,267.15,0.0,0.0,1,Clear,sky is clear,2018-03-12 08:00:00,5668,0,2018-03-12
None,267.08,0.0,0.0,20,Clouds,few clouds,2018-03-13 08:00:00,5880,0,2018-03-13
None,267.75,0.0,0.0,1,Clear,sky is clear,2018-03-14 08:00:00,5854,0,2018-03-14
None,269.86,0.0,0.0,1,Clear,sky is clear,2018-03-15 08:00:00,5907,0,2018-03-15
None,266.73,0.0,0.0,40,Clouds,scattered clouds,2018-03-16 08:00:00,5574,0,2018-03-16
None,266.76,0.0,0.0,5,Clear,sky is clear,2018-03-17 08:00:00,3095,1,2018-03-17
None,268.09,0.0,0.0,75,Clouds,broken clouds,2018-03-18 08:00:00,1840,1,2018-03-18
None,273.08,0.0,0.0,1,Clear,sky is clear,2018-03-19 08:00:00,5983,0,2018-03-19
None,270.36,0.0,0.0,90,Snow,light snow,2018-03-20 08:00:00,5876,0,2018-03-20
None,268.46,0.0,0.0,75,Mist,mist,2018-03-21 08:00:00,6218,0,2018-03-21
None,272.94,0.0,0.0,90,Clouds,overcast clouds,2018-03-22 08:00:00,6206,0,2018-03-22
None,270.02,0.0,0.0,75,Clouds,broken clouds,2018-03-23 08:00:00,5885,0,2018-03-23
None,271.42,0.0,0.0,75,Clouds,broken clouds,2018-03-24 08:00:00,3049,1,2018-03-24
None,271.15,0.0,0.0,75,Clouds,broken clouds,2018-03-25 08:00:00,1847,1,2018-03-25
None,273.15,0.0,0.0,90,Clouds,overcast clouds,2018-03-26 08:00:00,5654,0,2018-03-26
None,273.84,0.0,0.0,90,Mist,mist,2018-03-27 08:00:00,5970,0,2018-03-27
None,273.08,0.0,0.0,1,Mist,mist,2018-03-28 08:00:00,6014,0,2018-03-28
None,268.15,0.0,0.0,5,Clear,sky is clear,2018-03-29 08:00:00,6002,0,2018-03-29
None,269.01,0.0,0.0,40,Clouds,scattered clouds,2018-03-30 08:00:00,5227,0,2018-03-30
None,269.93,0.0,0.0,90,Snow,light snow,2018-03-31 08:00:00,2289,1,2018-03-31
None,261.22,0.0,0.0,5,Clear,sky is clear,2018-04-01 08:00:00,1718,1,2018-04-01
None,266.57,0.0,0.0,75,Clouds,broken clouds,2018-04-02 08:00:00,5557,0,2018-04-02
None,270.94,0.0,0.0,90,Snow,light snow,2018-04-03 08:00:00,4790,0,2018-04-03
None,260.0,0.0,0.0,5,Clear,sky is clear,2018-04-04 08:00:00,4778,0,2018-04-04
None,259.78,0.0,0.0,40,Mist,mist,2018-04-05 08:00:00,5887,0,2018-04-05
None,264.02,0.0,0.0,40,Haze,haze,2018-04-06 08:00:00,5738,0,2018-04-06
None,262.01,0.0,0.0,1,Clear,sky is clear,2018-04-07 08:00:00,3074,1,2018-04-07
None,262.62,0.0,0.0,1,Clear,sky is clear,2018-04-08 08:00:00,1910,1,2018-04-08
None,267.49,0.0,0.0,90,Mist,mist,2018-04-09 08:00:00,5824,0,2018-04-09
None,272.29,0.0,0.0,90,Clouds,overcast clouds,2018-04-10 08:00:00,6190,0,2018-04-10
None,271.58,0.0,0.0,75,Mist,mist,2018-04-11 08:00:00,5887,0,2018-04-11
None,275.08,0.0,0.0,1,Mist,mist,2018-04-12 08:00:00,6198,0,2018-04-12
None,275.94,0.0,0.0,90,Rain,light rain,2018-04-13 08:00:00,5894,0,2018-04-13
None,271.87,0.0,0.0,90,Snow,light snow,2018-04-14 08:00:00,1489,1,2018-04-14
None,269.36,0.0,0.0,90,Snow,light snow,2018-04-15 08:00:00,674,1,2018-04-15
None,268.77,0.0,0.0,90,Snow,light snow,2018-04-16 08:00:00,4463,0,2018-04-16
None,269.0,0.0,0.0,5,Clear,sky is clear,2018-04-17 08:00:00,5892,0,2018-04-17
None,272.99,0.0,0.0,90,Clouds,overcast clouds,2018-04-18 08:00:00,6614,0,2018-04-18
None,269.86,0.0,0.0,75,Clouds,broken clouds,2018-04-19 08:00:00,6046,0,2018-04-19
None,270.75,0.0,0.0,1,Clear,sky is clear,2018-04-20 08:00:00,6126,0,2018-04-20
None,274.28,0.0,0.0,1,Clear,sky is clear,2018-04-21 08:00:00,3392,1,2018-04-21
None,274.61,0.0,0.0,1,Clear,sky is clear,2018-04-22 08:00:00,2200,1,2018-04-22
None,276.36,0.0,0.0,1,Mist,mist,2018-04-23 08:00:00,5970,0,2018-04-23
None,279.07,0.0,0.0,1,Mist,mist,2018-04-24 08:00:00,5905,0,2018-04-24
None,275.14,0.0,0.0,5,Clear,sky is clear,2018-04-25 08:00:00,5850,0,2018-04-25
None,279.15,0.0,0.0,1,Clear,sky is clear,2018-04-26 08:00:00,5890,0,2018-04-26
None,279.72,0.0,0.0,1,Clear,sky is clear,2018-04-27 08:00:00,6109,0,2018-04-27
None,276.0,0.0,0.0,1,Clear,sky is clear,2018-04-28 08:00:00,3737,1,2018-04-28
None,278.28,0.0,0.0,1,Clear,sky is clear,2018-04-29 08:00:00,2153,1,2018-04-29
None,286.29,0.0,0.0,1,Rain,moderate rain,2018-04-30 08:00:00,5724,0,2018-04-30
None,289.08,0.0,0.0,40,Rain,light rain,2018-05-01 08:00:00,6140,0,2018-05-01
None,281.36,0.0,0.0,40,Clouds,scattered clouds,2018-05-02 08:00:00,5676,0,2018-05-02
None,282.099,0.0,0.0,12,Clouds,few clouds,2018-05-03 08:00:00,6084,0,2018-05-03
None,285.46,0.0,0.0,1,Clear,sky is clear,2018-05-04 08:00:00,5771,0,2018-05-04
None,285.84,0.0,0.0,40,Clouds,scattered clouds,2018-05-05 08:00:00,3095,1,2018-05-05
None,285.15,0.0,0.0,75,Mist,mist,2018-05-06 08:00:00,2390,1,2018-05-06
None,289.5,0.0,0.0,1,Clear,sky is clear,2018-05-07 08:00:00,5793,0,2018-05-07
None,291.28,0.0,0.0,40,Clouds,scattered clouds,2018-05-08 08:00:00,6203,0,2018-05-08
None,285.48,0.0,0.0,40,Mist,mist,2018-05-09 08:00:00,6254,0,2018-05-09
None,279.88,0.0,0.0,1,Clear,sky is clear,2018-05-10 08:00:00,5690,0,2018-05-10
None,281.02,0.0,0.0,1,Drizzle,light intensity drizzle,2018-05-11 08:00:00,5594,0,2018-05-11
None,280.99,0.0,0.0,75,Clouds,broken clouds,2018-05-12 08:00:00,3110,1,2018-05-12
None,281.61,0.0,0.0,1,Clear,sky is clear,2018-05-13 08:00:00,1965,1,2018-05-13
None,287.15,0.0,0.0,40,Mist,mist,2018-05-14 08:00:00,5870,0,2018-05-14
None,285.86,0.0,0.0,5,Clear,sky is clear,2018-05-15 08:00:00,5433,0,2018-05-15
None,289.0,0.0,0.0,5,Clear,sky is clear,2018-05-16 08:00:00,5293,0,2018-05-16
None,287.88,0.0,0.0,40,Clouds,scattered clouds,2018-05-17 08:00:00,5494,0,2018-05-17
None,287.75,0.0,0.0,75,Clouds,broken clouds,2018-05-18 08:00:00,5321,0,2018-05-18
None,287.42,0.0,0.0,90,Haze,haze,2018-05-19 08:00:00,3277,1,2018-05-19
None,280.41,0.0,0.0,1,Clear,sky is clear,2018-05-20 08:00:00,1829,1,2018-05-20
None,287.75,0.0,0.0,75,Drizzle,light intensity drizzle,2018-05-21 08:00:00,5726,0,2018-05-21
None,287.61,0.0,0.0,20,Mist,mist,2018-05-22 08:00:00,5752,0,2018-05-22
None,291.01,0.0,0.0,75,Clouds,broken clouds,2018-05-23 08:00:00,5557,0,2018-05-23
None,295.28,0.0,0.0,75,Clouds,broken clouds,2018-05-24 08:00:00,5695,0,2018-05-24
None,292.58,0.0,0.0,90,Clouds,overcast clouds,2018-05-25 08:00:00,5206,0,2018-05-25
None,293.62,0.0,0.0,1,Clear,sky is clear,2018-05-26 08:00:00,2392,1,2018-05-26
None,293.28,0.0,0.0,1,Clear,sky is clear,2018-05-27 08:00:00,1819,1,2018-05-27
None,299.15,0.0,0.0,1,Clear,sky is clear,2018-05-28 08:00:00,1294,0,2018-05-28
None,296.29,0.0,0.0,1,Clear,sky is clear,2018-05-29 08:00:00,5530,0,2018-05-29
None,293.01,0.0,0.0,90,Clouds,overcast clouds,2018-05-30 08:00:00,5716,0,2018-05-30
None,291.75,0.0,0.0,90,Fog,fog,2018-05-31 08:00:00,5912,0,2018-05-31
None,291.15,0.0,0.0,90,Mist,mist,2018-06-01 08:00:00,5639,0,2018-06-01
None,287.94,0.0,0.0,90,Mist,mist,2018-06-02 08:00:00,2730,1,2018-06-02
None,287.22,0.0,0.0,90,Clouds,overcast clouds,2018-06-03 08:00:00,2380,1,2018-06-03
None,288.34,0.0,0.0,5,Clear,sky is clear,2018-06-04 08:00:00,5546,0,2018-06-04
None,288.9,0.0,0.0,40,Haze,haze,2018-06-05 08:00:00,5645,0,2018-06-05
None,289.48,0.0,0.0,40,Rain,moderate rain,2018-06-06 08:00:00,5301,0,2018-06-06
None,288.34,0.0,0.0,75,Clouds,broken clouds,2018-06-07 08:00:00,5871,0,2018-06-07
None,291.65,0.0,0.0,90,Rain,light rain,2018-06-08 08:00:00,5442,0,2018-06-08
None,291.44,0.0,0.0,90,Rain,light rain,2018-06-09 08:00:00,2686,1,2018-06-09
None,291.51,0.0,0.0,40,Clouds,scattered clouds,2018-06-10 08:00:00,1617,1,2018-06-10
None,291.15,0.0,0.0,90,Clouds,overcast clouds,2018-06-11 08:00:00,5676,0,2018-06-11
None,293.07,0.0,0.0,40,Mist,mist,2018-06-12 08:00:00,5656,0,2018-06-12
None,289.81,0.0,0.0,5,Clear,sky is clear,2018-06-13 08:00:00,5664,0,2018-06-13
None,292.86,0.0,0.0,75,Clouds,broken clouds,2018-06-14 08:00:00,5778,0,2018-06-14
None,295.35,0.0,0.0,75,Clouds,broken clouds,2018-06-15 08:00:00,5671,0,2018-06-15
None,296.95,0.0,0.0,90,Thunderstorm,thunderstorm,2018-06-16 08:00:00,2329,1,2018-06-16
None,297.35,0.0,0.0,1,Thunderstorm,proximity thunderstorm,2018-06-17 08:00:00,1724,1,2018-06-17
None,292.65,0.0,0.0,90,Drizzle,heavy intensity drizzle,2018-06-18 08:00:00,5765,0,2018-06-18
None,290.68,0.0,0.0,90,Rain,moderate rain,2018-06-19 08:00:00,4851,0,2018-06-19
None,291.82,0.0,0.0,75,Mist,mist,2018-06-20 08:00:00,5540,0,2018-06-20
None,291.35,0.0,0.0,75,Clouds,broken clouds,2018-06-21 08:00:00,5490,0,2018-06-21
None,289.95,0.0,0.0,1,Clear,sky is clear,2018-06-22 08:00:00,5604,0,2018-06-22
None,291.28,0.0,0.0,1,Mist,mist,2018-06-23 08:00:00,3353,1,2018-06-23
None,292.79,0.0,0.0,1,Haze,haze,2018-06-24 08:00:00,2362,1,2018-06-24
None,293.22,0.0,0.0,1,Rain,moderate rain,2018-06-25 08:00:00,5383,0,2018-06-25
None,290.94,0.0,0.0,90,Rain,light rain,2018-06-26 08:00:00,5756,0,2018-06-26
None,292.58,0.0,0.0,90,Mist,mist,2018-06-27 08:00:00,5717,0,2018-06-27
None,294.15,0.0,0.0,1,Clear,sky is clear,2018-06-28 08:00:00,5683,0,2018-06-28
None,298.21,0.0,0.0,75,Clouds,broken clouds,2018-06-29 08:00:00,5204,0,2018-06-29
None,299.62,0.0,0.0,1,Clear,sky is clear,2018-06-30 08:00:00,2840,1,2018-06-30
None,294.21,0.0,0.0,90,Rain,heavy intensity rain,2018-07-01 08:00:00,1682,1,2018-07-01
None,294.15,0.0,0.0,1,Clear,sky is clear,2018-07-02 08:00:00,4859,0,2018-07-02
None,294.02,0.0,0.0,1,Rain,light rain,2018-07-03 08:00:00,5017,0,2018-07-03
None,298.43,0.0,0.0,1,Clear,sky is clear,2018-07-04 08:00:00,1275,0,2018-07-04
None,295.61,0.0,0.0,40,Clouds,scattered clouds,2018-07-05 08:00:00,4440,0,2018-07-05
None,291.07,0.0,0.0,5,Clear,sky is clear,2018-07-06 08:00:00,4489,0,2018-07-06
None,293.08,0.0,0.0,1,Clear,sky is clear,2018-07-07 08:00:00,2428,1,2018-07-07
None,295.15,0.0,0.0,1,Clear,sky is clear,2018-07-08 08:00:00,1920,1,2018-07-08
None,296.07,0.0,0.0,1,Clear,sky is clear,2018-07-09 08:00:00,5656,0,2018-07-09
None,292.94,0.0,0.0,75,Clouds,broken clouds,2018-07-10 08:00:00,5786,0,2018-07-10
None,295.36,0.0,0.0,40,Clouds,scattered clouds,2018-07-11 08:00:00,5930,0,2018-07-11
None,297.62,0.0,0.0,75,Rain,light rain,2018-07-12 08:00:00,5583,0,2018-07-12
None,295.28,0.0,0.0,75,Rain,moderate rain,2018-07-13 08:00:00,5288,0,2018-07-13
None,293.69,0.0,0.0,90,Mist,mist,2018-07-14 08:00:00,2714,1,2018-07-14
None,295.72,0.0,0.0,5,Mist,mist,2018-07-15 08:00:00,1814,1,2018-07-15
None,291.99,0.0,0.0,1,Clear,sky is clear,2018-07-16 08:00:00,5647,0,2018-07-16
None,291.61,0.0,0.0,20,Clouds,few clouds,2018-07-17 08:00:00,5455,0,2018-07-17
None,291.44,0.0,0.0,1,Clear,sky is clear,2018-07-18 08:00:00,5696,0,2018-07-18
None,294.22,0.0,0.0,1,Rain,light rain,2018-07-19 08:00:00,5702,0,2018-07-19
None,291.75,0.0,0.0,90,Rain,light rain,2018-07-20 08:00:00,5339,0,2018-07-20
None,291.28,0.0,0.0,1,Clear,sky is clear,2018-07-21 08:00:00,3031,1,2018-07-21
None,290.72,0.0,0.0,90,Clouds,overcast clouds,2018-07-22 08:00:00,2009,1,2018-07-22
None,291.22,0.0,0.0,40,Mist,mist,2018-07-23 08:00:00,5522,0,2018-07-23
None,291.88,0.0,0.0,5,Clear,sky is clear,2018-07-24 08:00:00,5658,0,2018-07-24
None,292.15,0.0,0.0,90,Rain,light rain,2018-07-25 08:00:00,5651,0,2018-07-25
None,289.29,0.0,0.0,75,Clouds,broken clouds,2018-07-26 08:00:00,5866,0,2018-07-26
None,287.93,0.0,0.0,5,Clear,sky is clear,2018-07-27 08:00:00,5232,0,2018-07-27
None,287.74,0.0,0.0,5,Clear,sky is clear,2018-07-28 08:00:00,2713,1,2018-07-28
None,289.14,0.0,0.0,5,Fog,fog,2018-07-29 08:00:00,1866,1,2018-07-29
None,289.41,0.0,0.0,1,Mist,mist,2018-07-30 08:00:00,5427,0,2018-07-30
None,292.34,0.0,0.0,5,Haze,haze,2018-07-31 08:00:00,5960,0,2018-07-31
None,292.15,0.0,0.0,90,Rain,light rain,2018-08-01 08:00:00,5873,0,2018-08-01
None,286.69,0.0,0.0,90,Clouds,overcast clouds,2018-08-02 08:00:00,5736,0,2018-08-02
None,290.35,0.0,0.0,75,Thunderstorm,proximity thunderstorm,2018-08-03 08:00:00,5213,0,2018-08-03
None,294.79,0.0,0.0,90,Mist,mist,2018-08-04 08:00:00,2559,1,2018-08-04
None,294.79,0.0,0.0,1,Mist,mist,2018-08-05 08:00:00,1903,1,2018-08-05
None,292.22,0.0,0.0,40,Mist,mist,2018-08-06 08:00:00,5582,0,2018-08-06
None,291.01,0.0,0.0,1,Mist,mist,2018-08-08 08:00:00,5864,0,2018-08-08
None,293.34,0.0,0.0,5,Fog,fog,2018-08-09 08:00:00,5908,0,2018-08-09
None,292.0,0.0,0.0,5,Mist,mist,2018-08-10 08:00:00,5211,0,2018-08-10
None,291.15,0.0,0.0,5,Mist,mist,2018-08-11 08:00:00,2806,1,2018-08-11
None,292.15,0.0,0.0,5,Mist,mist,2018-08-12 08:00:00,1850,1,2018-08-12
None,294.62,0.0,0.0,1,Clear,sky is clear,2018-08-13 08:00:00,5642,0,2018-08-13
None,295.48,0.0,0.0,1,Clear,sky is clear,2018-08-14 08:00:00,5841,0,2018-08-14
None,292.48,0.0,0.0,1,Clear,sky is clear,2018-08-15 08:00:00,5930,0,2018-08-15
None,292.55,0.0,0.0,40,Clouds,scattered clouds,2018-08-16 08:00:00,5847,0,2018-08-16
None,291.28,0.0,0.0,40,Mist,mist,2018-08-17 08:00:00,5406,0,2018-08-17
None,290.64,0.0,0.0,1,Mist,mist,2018-08-18 08:00:00,2987,1,2018-08-18
None,292.0,0.0,0.0,1,Haze,haze,2018-08-19 08:00:00,1971,1,2018-08-19
None,293.55,0.0,0.0,90,Rain,heavy intensity rain,2018-08-20 08:00:00,5349,0,2018-08-20
None,290.58,0.0,0.0,90,Clouds,overcast clouds,2018-08-21 08:00:00,6123,0,2018-08-21
None,286.13,0.0,0.0,1,Clear,sky is clear,2018-08-22 08:00:00,6056,0,2018-08-22
None,287.65,0.0,0.0,1,Mist,mist,2018-08-23 08:00:00,6162,0,2018-08-23
None,291.78,0.38,0.0,90,Rain,light rain,2018-08-24 08:00:00,5687,0,2018-08-24
None,291.08,0.76,0.0,90,Rain,light rain,2018-08-25 08:00:00,3503,1,2018-08-25
None,293.15,0.93,0.0,75,Rain,light rain,2018-08-26 08:00:00,2467,1,2018-08-26
None,297.0,1.78,0.0,75,Rain,moderate rain,2018-08-27 08:00:00,6125,0,2018-08-27
None,289.28,0.61,0.0,75,Rain,moderate rain,2018-08-28 08:00:00,5692,0,2018-08-28
None,284.8,0.25,0.0,90,Rain,light rain,2018-08-29 08:00:00,6164,0,2018-08-29
None,286.1,0.25,0.0,1,Rain,light rain,2018-08-30 08:00:00,5995,0,2018-08-30
None,294.0,0.25,0.0,75,Rain,light rain,2018-08-31 08:00:00,5687,0,2018-08-31
None,294.53,0.25,0.0,75,Rain,moderate rain,2018-09-01 08:00:00,3476,1,2018-09-01
None,294.41,0.25,0.0,90,Rain,light rain,2018-09-02 08:00:00,2334,1,2018-09-02
None,291.81,0.25,0.0,75,Rain,light rain,2018-09-03 08:00:00,1995,0,2018-09-03
None,294.1,0.32,0.0,90,Rain,moderate rain,2018-09-04 08:00:00,5856,0,2018-09-04
None,291.21,0.0,0.0,90,Clouds,overcast clouds,2018-09-05 08:00:00,6327,0,2018-09-05
None,284.23,2.54,0.0,1,Rain,moderate rain,2018-09-06 08:00:00,5996,0,2018-09-06
None,285.04,0.0,0.0,1,Clear,sky is clear,2018-09-07 08:00:00,5923,0,2018-09-07
None,284.81,0.0,0.0,1,Clear,sky is clear,2018-09-08 08:00:00,3043,1,2018-09-08
None,284.66,0.0,0.0,20,Mist,mist,2018-09-09 08:00:00,2224,1,2018-09-09
None,285.08,0.0,0.0,20,Clouds,few clouds,2018-09-10 08:00:00,6009,0,2018-09-10
None,289.75,0.0,0.0,1,Clear,sky is clear,2018-09-11 08:00:00,6123,0,2018-09-11
None,292.25,0.0,0.0,90,Thunderstorm,proximity thunderstorm,2018-09-12 08:00:00,6297,0,2018-09-12
None,290.7,0.0,0.0,5,Clear,sky is clear,2018-09-13 08:00:00,6162,0,2018-09-13
None,294.53,0.0,0.0,75,Clouds,broken clouds,2018-09-14 08:00:00,5934,0,2018-09-14
None,295.06,0.0,0.0,40,Clouds,scattered clouds,2018-09-15 08:00:00,3442,1,2018-09-15
None,294.95,0.0,0.0,1,Clear,sky is clear,2018-09-16 08:00:00,2090,1,2018-09-16
None,293.91,0.0,0.0,40,Clouds,scattered clouds,2018-09-17 08:00:00,6070,0,2018-09-17
None,288.43,0.44,0.0,90,Rain,light rain,2018-09-18 08:00:00,5873,0,2018-09-18
None,288.31,0.0,0.0,90,Mist,mist,2018-09-19 08:00:00,6101,0,2018-09-19
None,287.99,1.66,0.0,90,Rain,moderate rain,2018-09-20 08:00:00,5331,0,2018-09-20
None,284.21,0.0,0.0,90,Drizzle,light intensity drizzle,2018-09-21 08:00:00,5653,0,2018-09-21
None,279.69,0.0,0.0,1,Clear,sky is clear,2018-09-22 08:00:00,3415,1,2018-09-22
None,284.02,0.0,0.0,20,Clouds,few clouds,2018-09-23 08:00:00,2203,1,2018-09-23
None,287.19,0.0,0.0,75,Clouds,broken clouds,2018-09-24 08:00:00,5900,0,2018-09-24
None,284.49,0.0,0.0,90,Haze,haze,2018-09-25 08:00:00,6080,0,2018-09-25
None,279.43,0.25,0.0,75,Rain,light rain,2018-09-26 08:00:00,6032,0,2018-09-26
None,285.05,0.0,0.0,1,Clear,sky is clear,2018-09-27 08:00:00,5946,0,2018-09-27
None,278.83,0.0,0.0,1,Clear,sky is clear,2018-09-28 08:00:00,5798,0,2018-09-28
None,275.43,0.0,0.0,75,Clouds,broken clouds,2018-09-29 08:00:00,3073,1,2018-09-29
None,280.28,0.0,0.0,90,Clouds,overcast clouds,2018-09-30 08:00:00,2002,1,2018-09-30
